quan,dien_tich_dat_m2,dien_tich_su_dung_m2,phong_ngu,nha_tam,gia
4,55.0,165.0,4.0,3.0,1.1
8,53.0,53.0,2.0,2.0,1.739
12,30.0,50.0,2.0,2.0,1.38
8,120.0,600.0,3.0,4.0,15.0
8,61.0,122.0,3.0,2.0,1.29
9,57.5,183.0,3.0,3.0,4.85
6,64.0,187.0,2.0,3.0,11.3
3,335.0,335.0,7.0,7.0,270.0
Tân Bình,116.0,550.0,10.0,10.0,33.5
6,90.0,90.0,5.0,4.0,13.5
4,72.0,72.0,2.0,2.0,5.0
Tân Phú,50.0,50.0,3.0,2.0,6.45
1,256.0,829.0,4.0,5.0,85.0
8,54.0,54.0,3.0,2.0,5.5
1,140.0,350.0,8.0,9.0,36.0
4,92.0,92.0,2.0,2.0,5.5
Gò Vấp,68.0,270.0,8.0,7.0,9.99
11,48.0,48.0,2.0,1.0,5.8
4,65.0,65.0,3.0,3.0,3.14
4,70.0,70.0,4.0,5.0,3.9
8,48.0,96.0,2.0,2.0,0.95
4,60.0,120.0,3.0,3.0,0.96
3,78.0,350.0,6.0,7.0,50.0
Bình Tân,89.0,89.0,1.0,1.0,3.5
2,77.0,77.0,2.0,2.0,1.28
11,91.5,235.2,1.0,1.0,70.0
9,105.0,150.0,4.0,4.0,17.0
4,70.0,70.0,4.0,3.0,2.25
Tân Phú,69.0,280.0,6.0,6.0,8.9
7,95.0,95.0,4.0,5.0,8.5
9,121.0,121.0,3.0,4.0,6.1
Bình Thạnh,85.0,150.0,4.0,3.0,7.5
11,63.0,196.0,5.0,5.0,12.0
Thủ Đức (TP. Thủ Đức),501.0,1982.0,6.0,6.0,95.0
9,77.0,77.0,2.0,1.0,5.9
8,56.0,168.0,4.0,3.0,0.991
Thủ Đức (TP. Thủ Đức),67.0,67.0,2.0,2.0,5.2
Bình Tân,72.0,72.0,5.0,5.0,9.5
6,256.0,256.0,5.0,5.0,26.8
12,162.0,162.0,4.0,4.0,8.9
Thủ Đức (TP. Thủ Đức),81.0,81.0,2.0,4.0,7.7
7,270.0,400.0,4.0,4.0,16.9
6,54.0,54.0,2.0,1.0,5.7
8,62.0,120.0,3.0,3.0,0.985
5,43.0,86.0,3.0,2.0,4.12
Bình Thạnh,100.0,100.0,7.0,7.0,14.8
7,112.0,112.0,2.0,1.0,16.0
Gò Vấp,40.0,80.0,2.0,2.0,4.68
4,80.0,80.0,2.0,2.0,5.0
12,170.0,170.0,4.0,4.0,15.5
5,72.0,144.0,3.0,3.0,1.44
9,210.0,500.0,8.0,8.0,19.0
12,30.0,60.0,2.0,2.0,1.85
10,53.0,53.0,2.0,2.0,4.3
6,98.0,98.0,3.0,2.0,9.0
Thủ Đức (TP. Thủ Đức),36.0,36.0,2.0,2.0,3.2
9,280.0,280.0,2.0,1.0,16.9
Phú Nhuận,96.0,96.0,5.0,6.0,29.0
12,40.0,60.0,2.0,2.0,3.75
9,45.0,68.0,1.0,1.0,8.3
2,120.0,400.0,4.0,4.0,75.0
12,74.0,74.0,4.0,5.0,8.7
6,72.0,240.0,4.0,5.0,10.7
12,30.0,90.0,2.0,3.0,1.78
Phú Nhuận,102.0,714.0,6.0,6.0,29.0
6,100.0,380.0,4.0,6.0,15.0
Tân Phú,60.0,120.0,3.0,2.0,3.69
Bình Tân,50.0,141.0,4.0,3.0,8.0
Bình Tân,30.0,45.0,2.0,2.0,2.899
4,92.0,92.0,2.0,2.0,4.5
11,43.0,78.0,3.0,3.0,8.15
1,68.0,136.0,3.0,3.0,24.0
Tân Phú,56.0,110.0,3.0,2.0,8.2
11,52.0,198.0,6.0,5.0,8.6
2,95.0,95.0,3.0,2.0,1.689
2,86.0,220.0,4.0,4.0,42.0
Tân Bình,67.5,249.0,5.0,4.0,6.0
12,88.0,88.0,3.0,2.0,7.85
7,140.0,140.0,5.0,5.0,41.0
Bình Thạnh,48.0,95.0,3.0,2.0,5.9
Thủ Đức (TP. Thủ Đức),47.0,47.0,2.0,2.0,3.75
9,80.1,240.0,4.0,3.0,6.4
4,105.0,105.0,3.0,2.0,4.3
Bình Tân,65.0,65.0,1.0,1.0,5.65
3,128.0,384.0,3.0,3.0,50.0
7,195.0,196.0,2.0,1.0,11.2
2,61.0,61.0,2.0,2.0,1.55
Phú Nhuận,80.0,280.0,4.0,4.0,33.0
11,59.0,56.0,7.0,8.0,9.599
9,68.0,138.0,3.0,3.0,5.75
Tân Bình,84.0,160.0,2.0,2.0,11.0
9,83.0,83.0,3.0,1.0,5.99
9,227.0,303.0,4.0,3.0,65.0
9,70.0,140.0,3.0,3.0,1.15
Bình Thạnh,80.0,130.0,3.0,3.0,5.8
4,86.0,86.0,2.0,2.0,3.0
Bình Thạnh,210.0,210.0,5.0,5.0,57.0
12,60.0,60.0,2.0,2.0,5.35
6,96.0,96.0,6.0,7.0,15.0
8,40.0,80.0,3.0,2.0,3.79
3,144.0,844.0,6.0,6.0,165.0
7,225.5,225.5,6.0,4.0,15.5
3,373.0,373.0,3.0,3.0,80.0
10,45.0,130.0,6.0,7.0,10.7
Bình Thạnh,57.0,250.0,7.0,8.0,11.5
Bình Tân,90.0,250.0,4.0,5.0,11.2
3,62.0,62.0,3.0,3.0,35.0
9,63.0,126.0,3.0,3.0,1.29
3,625.0,625.0,2.0,2.0,560.0
Tân Phú,56.0,250.0,5.0,6.0,6.39
12,55.0,165.0,4.0,4.0,5.79
1,20.0,18.0,2.0,1.0,1.849
4,60.0,60.0,3.0,2.0,1.1
Bình Tân,40.0,69.0,2.0,2.0,3.789
4,171.0,342.0,2.0,2.0,75.0
8,100.0,180.0,7.0,3.0,7.5
4,61.0,61.0,2.0,1.0,3.4
5,21.0,21.0,4.0,5.0,6.3
8,84.0,300.0,4.0,4.0,6.7
6,80.0,400.0,5.0,5.0,14.5
8,110.0,400.0,5.0,6.0,9.9
12,160.0,160.0,10.0,10.0,8.3
8,58.2,291.0,4.0,4.0,18.0
12,90.0,90.0,4.0,5.0,11.5
5,96.2,260.0,4.0,3.0,31.9
1,95.0,626.0,9.0,8.0,120.0
2,142.0,142.0,3.0,2.0,19.0
6,125.0,125.0,5.0,3.0,5.5
4,66.6,148.0,4.0,4.0,8.5
4,60.0,60.0,2.0,1.0,3.7
10,160.0,150.0,6.0,8.0,29.0
5,60.0,120.0,3.0,2.0,0.83
12,64.0,64.0,1.0,1.0,4.2
10,25.0,80.0,3.0,3.0,5.47
Thủ Đức (TP. Thủ Đức),80.0,80.0,3.0,3.0,6.2
Thủ Đức (TP. Thủ Đức),56.0,56.0,3.0,2.0,4.95
4,70.0,70.0,2.0,2.0,2.02
7,211.0,300.0,4.0,5.0,79.0
1,45.0,160.0,4.0,4.0,19.0
Bình Thạnh,43.0,85.0,3.0,2.0,5.8
7,68.0,200.0,4.0,4.0,9.9
12,120.0,120.0,4.0,5.0,4.8
9,98.0,115.0,6.0,6.0,10.0
1,88.0,88.0,2.0,2.0,35.0
12,90.0,90.0,4.0,5.0,8.5
Thủ Đức (TP. Thủ Đức),46.0,46.0,7.0,5.0,3.6
9,52.5,120.0,4.0,3.0,4.0
4,57.7,115.0,2.0,1.0,7.18
12,80.0,80.0,4.0,6.0,7.7
Tân Phú,51.0,200.0,3.0,3.0,5.1
7,94.0,250.0,4.0,4.0,9.4
2,135.0,135.0,3.0,2.0,16.8
9,160.0,160.0,10.0,10.0,10.499
9,89.5,140.0,2.0,2.0,5.9
10,40.0,40.0,4.0,5.0,8.3
Phú Nhuận,288.0,232.0,4.0,5.0,47.0
5,60.0,120.0,3.0,2.0,0.82
4,75.0,75.0,2.0,2.0,2.1
11,59.0,119.0,2.0,2.0,0.91
8,80.0,160.0,3.0,2.0,7.9
2,110.0,110.0,3.0,3.0,1.505
Tân Bình,97.0,97.0,1.0,1.0,14.5
4,72.0,72.0,2.0,2.0,2.015
Phú Nhuận,85.0,880.0,9.0,10.0,30.0
6,72.0,72.0,8.0,9.0,19.5
Thủ Đức (TP. Thủ Đức),144.0,144.0,7.0,6.0,8.2
6,110.0,110.0,2.0,2.0,20.0
2,100.0,100.0,2.0,2.0,14.0
Phú Nhuận,125.0,500.0,3.0,4.0,34.0
3,264.0,264.0,1.0,1.0,59.0
5,60.0,120.0,3.0,3.0,1.13
Bình Tân,67.0,107.0,4.0,3.0,4.989
7,60.0,60.0,3.0,4.0,6.79
6,80.0,91.4,2.0,2.0,7.2
10,35.0,80.0,3.0,2.0,5.15
Phú Nhuận,41.0,41.0,2.0,2.0,4.3
Tân Phú,96.0,440.0,6.0,7.0,31.8
Thủ Đức (TP. Thủ Đức),94.0,94.0,8.0,8.0,9.9
2,92.0,219.6,5.0,5.0,10.3
1,576.0,1152.0,2.0,2.0,480.0
9,94.0,120.0,1.0,1.0,11.0
6,80.0,400.0,5.0,6.0,11.8
5,62.0,300.0,5.0,5.0,11.5
9,356.7,396.9,5.0,6.0,29.8
Bình Tân,79.9,79.9,1.0,1.0,6.6
9,160.0,60.0,10.0,10.0,10.5
11,47.0,144.0,5.0,5.0,6.2
4,80.0,80.0,2.0,2.0,2.18
11,67.0,180.0,3.0,3.0,23.5
11,58.0,58.0,5.0,4.0,2.19
2,92.0,92.0,2.0,2.0,12.5
1,408.0,288.0,3.0,3.0,130.0
4,72.0,72.0,2.0,1.0,4.9
Phú Nhuận,56.0,100.0,2.0,2.0,7.5
10,86.0,86.0,2.0,2.0,7.0
12,60.0,60.0,3.0,2.0,5.2
Tân Bình,208.0,1040.0,5.0,2.0,34.0
12,84.0,320.0,4.0,5.0,10.0
11,56.0,110.0,3.0,3.0,0.96
11,63.0,180.0,4.0,4.0,8.3
Tân Bình,75.0,150.0,4.0,3.0,8.2
6,68.0,68.0,4.0,2.0,9.6
9,104.0,104.0,3.0,3.0,5.8
2,129.5,400.0,4.0,4.0,25.0
9,110.0,110.0,2.0,1.0,6.99
Gò Vấp,126.0,300.0,5.0,5.0,17.8
5,46.0,90.0,3.0,3.0,5.68
6,56.0,118.0,2.0,2.0,7.0
4,84.0,400.0,7.0,5.0,17.999
Thủ Đức (TP. Thủ Đức),56.0,56.0,2.0,2.0,5.0
7,32.0,32.0,2.0,2.0,4.79
6,63.0,210.0,4.0,4.0,8.5
7,55.1,275.0,3.0,5.0,10.6
1,40.0,157.0,4.0,4.0,24.0
7,122.0,122.0,3.0,2.0,11.0
10,64.0,64.0,4.0,4.0,10.5
8,60.0,300.0,5.0,5.0,9.8
12,50.0,50.0,3.0,4.0,5.85
5,77.0,210.0,6.0,6.0,28.6
8,52.0,110.0,3.0,3.0,0.95
12,108.0,108.0,1.0,1.0,9.0
Thủ Đức (TP. Thủ Đức),53.0,53.0,3.0,3.0,5.0
Tân Bình,192.0,200.0,6.0,6.0,45.0
1,60.0,60.0,4.0,4.0,18.5
4,58.5,58.5,2.0,2.0,3.39
Bình Thạnh,116.0,116.0,2.0,1.0,9.7
5,214.0,856.0,6.0,7.0,41.0
Thủ Đức (TP. Thủ Đức),41.0,41.0,1.0,1.0,8.0
1,68.0,476.0,7.0,7.0,43.0
7,100.0,180.0,4.0,4.0,9.3
6,76.0,196.0,4.0,4.0,13.5
Tân Phú,56.0,56.0,4.0,4.0,9.8
12,75.0,75.0,3.0,2.0,3.37
11,71.0,210.0,3.0,3.0,7.199
5,57.0,86.0,2.0,1.0,7.99
3,144.0,144.0,7.0,7.0,64.0
Phú Nhuận,88.0,500.0,8.0,8.0,18.5
10,45.0,210.0,8.0,4.0,13.5
12,450.0,450.0,2.0,2.0,37.0
7,75.0,75.0,3.0,2.0,5.05
Phú Nhuận,64.0,256.0,3.0,4.0,22.5
11,58.0,116.0,2.0,2.0,1.08
Tân Phú,160.0,547.0,10.0,8.0,17.5
4,58.0,116.0,2.0,2.0,0.93
4,80.0,80.0,2.0,2.0,5.0
2,510.0,510.0,4.0,4.0,300.0
10,105.0,110.0,5.0,5.0,28.0
Phú Nhuận,88.0,300.0,8.0,9.0,18.9
Tân Bình,200.0,800.0,4.0,4.0,72.0
Tân Bình,180.0,900.0,5.0,4.0,36.0
6,80.0,80.0,6.0,6.0,10.99
Tân Phú,87.0,260.0,6.0,4.0,20.499
Tân Phú,40.0,84.0,2.0,2.0,6.0
12,52.0,78.0,3.0,2.0,1.95
Bình Tân,48.0,110.0,3.0,2.0,3.85
11,75.0,225.0,4.0,3.0,12.25
5,55.0,110.0,3.0,3.0,1.43
4,122.0,122.0,3.0,3.0,1.93
2,133.0,133.0,4.0,5.0,70.0
3,178.0,178.0,4.0,4.0,192.0
Bình Tân,56.0,56.0,4.0,4.0,8.5
Tân Phú,40.0,160.0,4.0,4.0,9.0
11,68.0,68.0,3.0,3.0,4.2
4,86.0,86.0,2.0,2.0,8.2
Bình Tân,54.0,185.0,4.0,5.0,5.6
2,113.0,113.0,3.0,2.0,13.0
Tân Bình,37.0,76.0,2.0,2.0,6.68
11,60.0,270.0,6.0,5.0,18.2
Bình Thạnh,147.0,806.0,5.0,5.0,98.0
8,68.0,136.0,3.0,3.0,1.45
8,60.0,120.0,3.0,3.0,1.05
Bình Tân,64.0,180.0,4.0,3.0,11.5
Bình Tân,72.0,120.0,3.0,4.0,8.5
7,320.0,500.0,4.0,4.0,139.0
12,75.0,75.0,4.0,4.0,5.85
9,180.0,540.0,4.0,5.0,26.0
1,91.0,91.0,6.0,6.0,18.1
Thủ Đức (TP. Thủ Đức),60.0,60.0,4.0,5.0,10.0
3,274.7,1745.0,9.0,9.0,78.999
10,120.0,500.0,10.0,10.0,25.999
9,51.0,120.0,4.0,5.0,5.3
7,137.0,275.0,6.0,6.0,11.5
6,69.0,460.0,9.0,7.0,14.99
11,60.0,120.0,3.0,2.0,8.7
2,80.0,262.8,4.0,5.0,16.0
Tân Phú,55.0,310.0,6.0,5.0,9.899
4,100.0,100.0,3.0,2.0,6.0
2,55.0,214.7,4.0,5.0,7.6
10,120.0,120.0,7.0,5.0,14.5
7,140.0,140.0,5.0,5.0,40.999
Phú Nhuận,152.0,364.0,5.0,4.0,46.0
Tân Phú,39.0,139.0,3.0,3.0,4.99
Tân Phú,72.0,72.0,3.0,4.0,12.0
2,157.0,157.0,4.0,4.0,1.93
5,53.7,179.0,4.0,6.0,16.5
12,450.0,450.0,2.0,2.0,37.0
Tân Phú,64.0,200.0,3.0,3.0,7.0
5,85.0,85.0,4.0,3.0,2.95
4,56.0,56.0,1.0,1.0,4.1
Tân Bình,68.0,168.0,4.0,3.0,12.6
5,300.0,300.0,3.0,3.0,105.0
4,72.0,253.0,3.0,3.0,26.0
11,62.0,124.0,3.0,2.0,1.26
2,164.2,300.0,4.0,5.0,33.0
11,62.0,124.0,2.0,2.0,9.5
7,54.0,150.0,4.0,4.0,9.5
9,54.0,108.0,3.0,3.0,0.87
Bình Thạnh,40.0,100.0,3.0,3.0,2.7
5,80.0,160.0,4.0,3.0,0.98
10,105.0,200.0,4.0,4.0,21.999
4,50.0,50.0,1.0,1.0,3.7
1,256.0,1024.0,4.0,4.0,120.0
12,76.0,239.0,5.0,5.0,6.39
12,90.0,320.0,4.0,5.0,10.0
11,64.0,64.0,1.0,1.0,6.3
4,80.0,80.0,2.0,2.0,4.76
Tân Bình,160.0,640.0,4.0,4.0,70.0
1,180.0,400.0,9.0,10.0,54.0
8,109.0,200.0,3.0,2.0,7.9
Tân Phú,60.0,180.0,4.0,3.0,9.5
4,50.0,183.0,7.0,7.0,7.9
4,80.0,80.0,3.0,2.0,5.9
12,56.0,56.0,4.0,5.0,6.0
9,90.0,180.0,4.0,2.0,8.6
12,50.7,154.0,4.0,3.0,2.79
6,100.0,400.0,6.0,4.0,15.0
Phú Nhuận,308.0,1540.0,5.0,5.0,120.0
Phú Nhuận,70.0,350.0,5.0,5.0,18.0
7,220.0,650.0,6.0,6.0,47.0
5,24.0,96.0,2.0,2.0,5.08
1,100.0,78.0,4.0,5.0,72.0
5,60.0,250.0,5.0,6.0,20.4
7,120.0,300.0,6.0,6.0,8.5
12,825.0,800.0,4.0,2.0,32.999
9,60.0,120.0,3.0,3.0,0.88
12,64.0,64.0,4.0,5.0,6.35
Thủ Đức (TP. Thủ Đức),130.0,130.0,5.0,2.0,6.7
Bình Thạnh,44.0,150.0,5.0,6.0,9.75
11,57.5,57.5,3.0,3.0,3.75
1,66.5,66.5,6.0,6.0,66.5
10,213.0,350.0,5.0,5.0,41.0
Bình Thạnh,277.0,1148.0,9.0,9.0,105.0
Tân Phú,95.0,94.6,4.0,4.0,11.86
7,50.0,200.0,4.0,5.0,7.3
9,70.0,280.0,4.0,5.0,5.8
Tân Bình,172.0,688.0,4.0,4.0,35.0
6,88.0,240.0,4.0,3.0,13.5
1,33.0,75.0,2.0,2.0,6.5
Tân Bình,86.0,300.0,6.0,5.0,16.5
Tân Phú,25.0,50.0,2.0,2.0,3.1
1,120.0,720.0,6.0,6.0,65.0
9,173.0,320.0,7.0,7.0,15.0
Tân Bình,25.0,75.0,3.0,3.0,4.99
10,138.0,138.0,3.0,3.0,11.8
6,72.0,72.0,4.0,4.0,12.0
Tân Phú,56.0,56.0,3.0,3.0,8.5
12,38.0,70.0,1.0,2.0,3.8
12,63.0,63.0,3.0,3.0,5.99
Bình Tân,58.0,200.0,4.0,4.0,8.1
9,110.0,110.0,3.0,2.0,5.75
7,80.0,197.0,4.0,5.0,11.7
7,45.0,120.0,4.0,5.0,6.6
Tân Bình,56.0,120.0,2.0,2.0,11.9
12,120.0,21.0,3.0,3.0,6.75
7,105.0,180.0,3.0,3.0,12.9
5,62.0,124.0,3.0,3.0,1.09
5,55.0,110.0,3.0,3.0,0.75
10,90.0,500.0,6.0,6.0,30.999
6,75.0,260.0,5.0,6.0,11.8
1,84.0,357.0,4.0,4.0,28.0
Thủ Đức (TP. Thủ Đức),32.0,64.0,2.0,2.0,2.8
6,84.0,84.0,1.0,1.0,13.5
7,140.0,300.0,4.0,5.0,15.9
12,105.0,105.0,1.0,1.0,14.5
2,97.0,97.0,1.0,1.0,6.9
1,64.0,320.0,5.0,5.0,28.0
7,112.0,242.0,7.0,7.0,17.5
9,135.0,144.0,8.0,8.0,16.0
10,53.0,75.0,3.0,3.0,5.5
9,62.4,141.0,4.0,5.0,5.3
Gò Vấp,239.0,996.0,5.0,6.0,30.0
5,40.0,200.0,6.0,6.0,14.8
12,56.0,56.0,1.0,1.0,4.1
Bình Thạnh,32.0,95.0,3.0,2.0,4.95
6,101.0,200.0,3.0,2.0,11.0
Thủ Đức (TP. Thủ Đức),185.0,185.0,4.0,6.0,10.4
Gò Vấp,82.0,186.0,7.0,7.0,10.5
Bình Tân,80.0,170.0,4.0,5.0,13.0
Phú Nhuận,240.0,240.0,1.0,1.0,55.0
4,70.0,70.0,2.0,1.0,4.6
10,43.0,90.0,2.0,2.0,7.4
Bình Thạnh,116.0,116.0,2.0,1.0,9.7
6,102.0,450.0,4.0,4.0,19.7
5,56.0,112.0,3.0,3.0,0.99
6,154.0,380.0,6.0,3.0,12.0
2,216.0,500.0,4.0,4.0,65.0
Tân Phú,60.0,162.0,4.0,5.0,9.79
12,52.0,52.0,4.0,5.0,6.7
Bình Thạnh,71.0,200.0,4.0,5.0,6.7
7,60.0,60.0,4.0,4.0,6.9
9,157.0,157.0,3.0,1.0,6.99
1,84.0,504.0,5.0,6.0,28.0
Gò Vấp,168.0,168.0,10.0,8.0,21.0
2,114.0,550.0,4.0,4.0,65.0
11,53.0,193.0,6.0,5.0,19.5
4,65.0,65.0,2.0,1.0,2.9
Tân Phú,80.0,80.0,2.0,1.0,13.0
Tân Phú,80.0,80.0,2.0,2.0,12.6
Gò Vấp,131.0,150.0,2.0,1.0,25.0
4,60.0,60.0,3.0,3.0,0.96
12,44.0,44.0,2.0,2.0,4.35
1,165.0,165.0,3.0,2.0,55.0
9,92.0,92.0,5.0,5.0,7.9
1,252.0,252.0,2.0,2.0,50.0
Tân Phú,57.0,114.0,2.0,2.0,4.0
6,26.0,66.0,3.0,3.0,3.3
2,152.0,502.0,5.0,5.0,28.0
8,120.0,480.0,4.0,5.0,24.0
4,60.0,60.0,2.0,1.0,3.4
2,248.0,248.0,5.0,4.0,55.0
4,70.0,140.0,3.0,3.0,1.1
2,88.0,88.0,2.0,2.0,10.2
6,60.0,196.0,4.0,5.0,14.0
5,64.0,64.0,3.0,3.0,0.98
Tân Phú,68.0,150.0,3.0,2.0,7.38
Tân Bình,240.0,720.0,3.0,3.0,60.0
1,55.0,200.0,4.0,4.0,10.6
12,86.0,339.0,5.0,6.0,7.689999999999999
6,116.0,350.0,10.0,6.0,21.0
Gò Vấp,65.0,206.0,5.0,6.0,7.8
Bình Thạnh,45.0,120.0,4.0,3.0,7.3
Phú Nhuận,45.0,145.0,4.0,3.0,4.25
7,152.0,350.0,7.0,7.0,20.3
4,26.0,26.0,2.0,1.0,1.79
11,64.0,64.0,4.0,4.0,13.5
Tân Bình,64.0,130.0,2.0,2.0,9.8
10,33.0,165.0,4.0,4.0,8.8
11,35.0,35.0,4.0,4.0,8.4
Bình Thạnh,226.0,500.0,5.0,3.0,11.0
Tân Phú,36.3,90.0,3.0,3.0,4.75
3,100.0,499.0,5.0,5.0,29.0
2,95.0,95.0,3.0,2.0,1.55
6,112.0,112.0,8.0,6.0,21.5
6,70.0,70.0,4.0,3.0,10.0
Bình Tân,69.0,69.0,5.0,5.0,9.0
6,47.0,47.0,2.0,2.0,6.9
1,100.0,540.0,5.0,6.0,33.0
7,170.0,170.0,4.0,3.0,21.0
10,110.0,400.0,6.0,4.0,28.0
10,180.0,180.0,2.0,2.0,12.6
12,112.8,73.8,3.0,3.0,6.0
4,62.0,62.0,3.0,2.0,0.98
3,175.0,600.0,6.0,6.0,45.0
12,52.0,52.0,4.0,6.0,6.3
3,88.4,113.0,3.0,3.0,25.5
6,64.0,300.0,7.0,5.0,8.5
1,75.0,300.0,8.0,9.0,15.0
2,113.0,113.0,3.0,2.0,11.5
11,64.0,190.0,4.0,5.0,10.8
10,17.0,37.0,2.0,2.0,2.2
7,103.0,103.0,2.0,2.0,7.5
9,58.0,116.0,3.0,3.0,1.65
1,175.0,873.0,5.0,5.0,57.0
5,62.0,124.0,2.0,2.0,1.53
4,80.0,80.0,2.0,2.0,2.3
Tân Phú,64.0,120.0,2.0,2.0,7.9
Phú Nhuận,68.0,130.0,3.0,3.0,6.2
7,53.0,53.0,4.0,5.0,9.5
Tân Bình,60.0,160.0,5.0,4.0,11.0
Tân Phú,169.0,169.0,1.0,1.0,12.199
Tân Phú,65.0,90.0,2.0,2.0,7.5
8,240.0,400.0,7.0,4.0,17.5
9,90.0,160.0,4.0,2.0,5.7
8,42.0,42.0,4.0,3.0,5.5
Phú Nhuận,48.0,48.0,2.0,2.0,5.79
7,41.0,41.0,2.0,2.0,6.05
9,70.0,70.0,3.0,3.0,4.3
8,56.0,112.0,4.0,3.0,0.889
5,105.0,500.0,5.0,6.0,55.0
12,68.0,68.0,2.0,1.0,3.47
9,140.0,140.0,2.0,1.0,10.5
7,220.0,700.0,6.0,7.0,42.0
12,76.0,228.0,5.0,6.0,7.55
12,54.0,54.0,4.0,6.0,6.3
1,277.0,276.0,1.0,1.0,114.999
5,52.0,104.0,3.0,3.0,1.97
Phú Nhuận,30.0,120.0,4.0,5.0,8.6
4,84.0,257.0,7.0,4.0,18.5
8,52.0,52.0,2.0,2.0,7.0
3,141.0,423.0,3.0,3.0,35.0
5,144.0,144.0,8.0,8.0,68.0
11,78.0,78.0,5.0,5.0,2.75
10,16.0,40.0,2.0,2.0,2.9
8,100.0,400.0,5.0,5.0,8.3
Tân Bình,144.0,1020.0,7.0,7.0,32.5
7,90.0,360.0,4.0,5.0,16.8
Tân Bình,203.6,203.15,8.0,9.0,70.0
2,193.0,193.0,3.0,3.0,32.0
11,185.0,568.0,7.0,7.0,25.0
4,60.0,60.0,1.0,1.0,4.3
4,68.0,68.0,2.0,2.0,6.25
9,65.0,130.0,3.0,3.0,4.1
10,340.0,400.0,5.0,6.0,88.0
3,86.7,350.0,4.0,4.0,65.0
11,40.0,126.0,3.0,4.0,11.8
10,40.0,160.0,4.0,3.0,9.2
Tân Bình,50.0,220.0,4.0,4.0,6.36
8,67.0,134.0,4.0,3.0,0.915
4,81.0,81.0,2.0,2.0,3.95
8,65.5,65.5,3.0,3.0,7.0
Thủ Đức (TP. Thủ Đức),140.0,200.0,2.0,2.0,11.5
1,67.2,144.0,4.0,4.0,78.0
8,42.0,82.0,2.0,2.0,3.85
11,68.0,68.0,6.0,6.0,13.1
8,58.0,58.0,4.0,4.0,2.4
10,56.0,112.0,3.0,2.0,2.45
2,37.0,74.0,2.0,2.0,4.1
1,800.0,486.0,3.0,3.0,350.0
5,55.0,109.0,3.0,3.0,1.053
5,80.0,80.0,1.0,1.0,8.599
4,85.0,85.0,2.0,2.0,3.125
10,55.0,55.0,5.0,6.0,12.9
2,85.0,85.0,2.0,2.0,2.75
10,55.0,55.0,8.0,8.0,10.45
12,50.0,50.0,2.0,2.0,4.25
10,45.0,90.0,2.0,2.0,6.19
9,55.0,110.0,2.0,2.0,0.91
3,165.0,600.0,7.0,7.0,55.0
Thủ Đức (TP. Thủ Đức),86.0,100.0,2.0,2.0,6.5
Tân Bình,88.0,160.0,2.0,2.0,18.999
11,52.0,52.0,4.0,5.0,10.5
Phú Nhuận,256.0,800.0,6.0,6.0,192.999
5,50.0,200.0,5.0,5.0,12.9
6,33.0,33.0,5.0,3.0,4.5
1,68.0,272.0,3.0,4.0,26.0
1,83.03,81.6,3.0,4.0,38.0
Tân Bình,109.0,200.0,4.0,2.0,8.9
4,92.0,92.0,2.0,2.0,5.5
6,72.0,196.0,5.0,6.0,12.7
9,59.0,59.0,2.0,2.0,5.149
3,840.0,1680.0,2.0,2.0,350.0
6,76.0,126.0,4.0,4.0,15.5
3,103.0,400.0,4.0,4.0,39.999
Bình Thạnh,70.0,200.0,5.0,6.0,11.5
2,88.0,88.0,2.0,2.0,9.7
Bình Thạnh,26.0,75.0,2.0,2.0,4.5
12,90.0,90.0,4.0,4.0,11.5
10,62.0,62.0,5.0,6.0,20.0
3,543.0,961.0,3.0,3.0,350.0
1,64.9,136.0,3.0,3.0,29.0
Tân Bình,26.0,72.0,2.0,3.0,4.78
12,130.0,130.0,3.0,2.0,8.1
5,119.0,120.0,5.0,6.0,2.85
10,122.0,200.0,4.0,5.0,26.999
11,64.0,300.0,6.0,7.0,18.0
7,88.0,88.0,3.0,2.0,5.9
8,62.0,124.0,3.0,3.0,0.76
Gò Vấp,230.0,700.0,7.0,8.0,32.0
11,55.0,110.0,2.0,2.0,0.85
10,40.0,80.0,2.0,2.0,11.7
8,128.0,492.0,7.0,8.0,24.5
5,65.0,130.0,3.0,3.0,1.12
8,50.0,75.0,1.0,1.0,0.009
Bình Tân,56.0,56.0,2.0,2.0,5.85
5,80.0,80.0,4.0,4.0,8.7
2,73.7,73.7,5.0,5.0,10.5
9,97.0,110.0,4.0,2.0,9.5
8,84.6,84.6,4.0,4.0,4.6
5,24.0,65.0,3.0,2.0,3.7
12,55.0,54.0,4.0,4.0,6.0
1,90.5,100.0,2.0,1.0,28.0
11,47.0,47.0,4.0,3.0,8.8
9,146.0,146.0,3.0,2.0,10.5
2,113.0,113.0,3.0,3.0,11.5
Tân Phú,77.0,139.0,3.0,3.0,5.9
11,31.0,62.0,2.0,2.0,3.75
9,78.0,174.0,4.0,4.0,8.1
Tân Bình,94.0,375.0,5.0,6.0,15.5
1,132.1,400.0,4.0,4.0,160.0
8,84.0,300.0,4.0,4.0,6.5
Bình Tân,18.0,41.6,2.0,3.0,3.499
10,150.0,300.0,5.0,5.0,38.0
9,87.0,87.0,4.0,1.0,5.99
6,96.0,96.0,1.0,1.0,12.0
1,204.46,1022.3,5.0,5.0,127.0
2,149.5,350.2,4.0,4.0,40.0
1,72.0,300.0,7.0,8.0,20.5
Tân Phú,35.0,69.0,2.0,2.0,3.899
Bình Thạnh,46.0,79.0,3.0,2.0,6.58
9,65.0,65.0,2.0,2.0,1.75
9,158.0,158.0,10.0,10.0,8.3
Tân Phú,145.0,300.0,4.0,3.0,18.5
12,84.0,320.0,4.0,5.0,10.0
9,60.0,120.0,3.0,3.0,0.84
8,59.1,108.0,2.0,1.0,4.69
Tân Bình,300.0,305.0,7.0,8.0,40.0
12,68.0,68.0,4.0,4.0,5.5
12,108.0,108.0,4.0,5.0,5.8
10,45.0,120.0,3.0,3.0,13.3
12,100.0,100.0,4.0,5.0,8.0
11,100.0,365.0,9.0,9.0,22.0
9,85.0,85.0,3.0,2.0,4.89
11,64.0,200.0,4.0,5.0,12.8
11,70.0,180.0,3.0,3.0,2.45
Tân Phú,90.0,360.0,5.0,6.0,15.5
6,74.0,210.0,6.0,5.0,9.4
4,84.0,84.0,2.0,2.0,1.645
8,63.0,98.0,3.0,1.0,3.8
9,90.6,160.0,3.0,2.0,5.7
Tân Phú,125.0,400.0,8.0,5.0,16.5
11,36.0,120.0,3.0,3.0,3.499
6,115.0,450.0,5.0,5.0,17.0
12,64.0,200.0,4.0,4.0,6.85
Thủ Đức (TP. Thủ Đức),88.0,88.0,5.0,5.0,15.0
2,94.4,225.0,4.0,5.0,14.0
6,30.0,60.0,2.0,2.0,2.9
9,130.0,163.0,3.0,3.0,23.0
5,69.0,280.0,7.0,6.0,17.0
8,56.0,112.0,2.0,2.0,0.79
8,60.0,120.0,3.0,1.0,1.06
4,30.0,30.0,1.0,1.0,2.85
Thủ Đức (TP. Thủ Đức),47.0,47.0,4.0,2.0,5.25
9,100.0,100.0,4.0,5.0,12.59
Bình Thạnh,30.0,90.0,3.0,2.0,4.25
6,61.0,124.0,3.0,3.0,0.977
4,99.0,99.0,1.0,2.0,5.75
4,64.0,192.0,3.0,3.0,0.96
10,123.0,123.0,1.0,1.0,22.0
6,64.0,145.0,4.0,3.0,12.4
9,92.0,92.0,2.0,1.0,5.0
Thủ Đức (TP. Thủ Đức),120.0,120.0,4.0,3.0,7.8
4,80.0,80.0,2.0,2.0,7.5
8,66.0,250.0,5.0,5.0,6.8
5,124.0,500.0,6.0,6.0,46.0
Gò Vấp,66.0,99.0,5.0,5.0,13.5
Gò Vấp,30.0,30.0,2.0,2.0,3.8
3,160.0,640.0,4.0,3.0,146.0
1,132.0,400.0,6.0,7.0,38.0
Gò Vấp,65.0,275.0,8.0,9.0,11.7
7,111.0,900.0,5.0,5.0,25.0
10,70.0,210.0,6.0,5.0,10.0
5,645.0,330.0,3.0,3.0,400.0
7,72.0,288.0,4.0,4.0,15.5
7,500.0,500.0,3.0,3.0,55.0
1,70.0,200.0,4.0,4.0,21.5
Thủ Đức (TP. Thủ Đức),78.0,78.0,2.0,2.0,7.3
6,37.0,37.0,2.0,2.0,3.6
1,321.0,500.0,4.0,5.0,82.0
Tân Bình,120.0,641.0,6.0,6.0,36.0
Thủ Đức (TP. Thủ Đức),97.0,106.0,2.0,2.0,5.0
6,34.0,68.0,2.0,2.0,1.78
10,85.0,85.0,1.0,1.0,32.0
Phú Nhuận,58.0,58.0,4.0,5.0,10.5
Tân Phú,40.0,56.0,2.0,2.0,3.839
Tân Bình,72.0,200.0,4.0,3.0,24.0
7,190.0,250.0,10.0,10.0,12.0
12,64.0,64.0,4.0,6.0,7.2
Tân Phú,122.0,688.0,8.0,8.0,31.7
Tân Bình,219.0,857.0,6.0,5.0,37.0
6,86.0,260.0,4.0,5.0,14.0
3,105.0,281.0,5.0,6.0,35.0
Phú Nhuận,40.0,120.0,3.0,3.0,3.25
Phú Nhuận,69.0,414.0,6.0,7.0,10.499
Phú Nhuận,209.0,400.0,8.0,8.0,33.5
3,108.0,720.0,6.0,7.0,63.0
9,132.0,132.0,2.0,2.0,13.0
10,24.0,70.0,3.0,3.0,5.7
12,53.0,53.0,4.0,4.0,3.15
6,122.0,170.0,4.0,3.0,17.5
8,63.0,120.0,3.0,3.0,0.95
1,90.0,90.0,2.0,2.0,24.6
4,76.0,76.0,2.0,2.0,4.0
11,58.0,250.0,4.0,5.0,8.5
Tân Phú,56.0,224.0,5.0,4.0,9.4
1,230.0,180.0,6.0,6.0,120.0
Tân Bình,118.0,761.0,6.0,6.0,30.0
Tân Bình,140.0,399.0,4.0,5.0,20.0
Tân Bình,19.0,60.0,3.0,3.0,5.25
Thủ Đức (TP. Thủ Đức),501.0,2000.0,4.0,4.0,95.0
Tân Phú,60.0,180.0,4.0,4.0,9.9
5,100.0,100.0,3.0,3.0,4.95
4,63.0,150.0,3.0,3.0,32.5
1,105.0,279.0,5.0,5.0,21.5
Bình Tân,85.0,250.0,3.0,3.0,8.8
1,70.0,70.0,1.0,1.0,30.0
6,122.0,122.0,5.0,3.0,17.5
6,184.0,300.0,6.0,3.0,22.8
Bình Thạnh,55.0,100.0,3.0,3.0,4.5
Phú Nhuận,49.0,49.0,5.0,3.0,8.1
12,65.0,65.0,5.0,6.0,5.95
Tân Bình,90.0,350.0,8.0,7.0,12.6
Phú Nhuận,144.0,1000.0,9.0,8.0,80.0
Bình Tân,72.0,72.0,4.0,4.0,8.3
9,68.0,68.0,1.0,1.0,4.25
6,45.0,45.0,2.0,2.0,5.0
Phú Nhuận,90.3,180.6,4.0,3.0,13.9
8,63.0,126.0,2.0,2.0,2.55
5,82.0,90.0,3.0,3.0,27.5
8,30.0,30.0,2.0,2.0,2.125
8,55.0,55.0,3.0,3.0,1.088
2,120.0,120.0,3.0,2.0,13.6
8,71.0,150.0,3.0,2.0,0.981
1,123.8,306.0,2.0,2.0,49.999
6,82.0,82.0,4.0,4.0,13.2
Bình Tân,64.0,170.0,5.0,3.0,6.5
Bình Thạnh,415.0,415.0,1.0,1.0,120.0
2,144.0,689.6,5.0,6.0,62.0
1,400.0,100.0,4.0,3.0,35.0
Tân Bình,220.0,220.0,3.0,3.0,65.0
2,130.0,130.0,2.0,2.0,14.0
9,86.0,123.0,3.0,4.0,11.9
12,110.0,109.0,6.0,4.0,17.0
Bình Thạnh,120.0,490.0,4.0,10.0,45.0
Tân Phú,101.0,300.0,5.0,4.0,12.0
5,61.0,60.0,3.0,2.0,0.86
11,58.0,116.0,3.0,3.0,1.08
9,135.6,238.8,4.0,5.0,7.79
Thủ Đức (TP. Thủ Đức),53.0,210.0,7.0,7.0,10.0
Phú Nhuận,24.0,60.0,2.0,3.0,3.98
9,43.0,43.0,2.0,2.0,4.5
8,64.0,300.0,6.0,7.0,12.4
12,81.0,81.0,4.0,4.0,6.0
12,80.0,80.0,3.0,4.0,5.8
6,306.0,610.0,6.0,5.0,36.0
Tân Phú,600.0,600.0,6.0,6.0,100.0
9,84.0,84.0,2.0,1.0,3.99
11,57.0,114.0,2.0,2.0,0.93
6,84.0,84.0,5.0,4.0,11.0
7,120.0,100.0,2.0,2.0,26.3
4,111.0,111.0,3.0,2.0,5.55
4,44.0,44.0,4.0,4.0,5.9
Bình Tân,58.0,58.0,5.0,5.0,7.6
1,205.6,248.0,3.0,3.0,47.0
Phú Nhuận,62.0,62.0,5.0,6.0,14.5
10,40.0,100.0,3.0,3.0,14.0
10,45.0,148.0,4.0,4.0,10.5
2,114.0,560.0,3.0,3.0,79.0
6,72.0,72.0,6.0,5.0,10.9
7,32.0,60.0,2.0,2.0,4.35
8,60.0,60.0,2.0,2.0,5.4
10,143.1,400.0,5.0,5.0,32.5
8,60.0,120.0,2.0,2.0,0.6
7,52.0,52.0,4.0,5.0,7.4
2,88.0,88.0,3.0,2.0,7.0
Bình Tân,72.0,280.0,4.0,5.0,7.6
Phú Nhuận,101.0,500.0,6.0,7.0,15.5
12,95.0,95.0,1.0,1.0,5.6
Bình Thạnh,43.0,80.0,2.0,2.0,3.65
Bình Thạnh,61.0,200.0,4.0,5.0,11.9
5,57.5,57.5,4.0,5.0,2.95
Tân Bình,160.0,320.0,2.0,2.0,33.0
9,76.0,150.0,5.0,2.0,6.2
Thủ Đức (TP. Thủ Đức),90.0,90.0,4.0,2.0,5.2
8,63.0,126.0,3.0,2.0,1.35
2,250.0,1000.0,4.0,3.0,70.0
1,75.0,456.0,6.0,5.0,30.0
4,34.0,64.0,1.0,2.0,2.99
Tân Phú,153.0,300.0,4.0,4.0,15.5
4,81.0,81.0,2.0,2.0,3.588
8,46.0,92.0,2.0,2.0,4.9
12,825.0,825.0,4.0,2.0,33.0
9,70.0,70.0,2.0,1.0,5.5
11,56.0,150.0,3.0,3.0,13.5
5,84.0,298.0,6.0,4.0,26.0
Thủ Đức (TP. Thủ Đức),64.0,64.0,2.0,2.0,4.999
10,135.0,160.0,1.0,1.0,32.0
Bình Tân,160.0,200.0,6.0,6.0,21.0
Tân Phú,166.0,166.0,1.0,1.0,15.9
Tân Phú,98.0,186.0,2.0,2.0,9.5
Bình Tân,57.0,57.0,4.0,3.0,5.95
9,60.0,79.0,4.0,4.0,4.7
8,38.4,160.0,2.0,3.0,25.0
Bình Thạnh,28.0,28.0,3.0,2.0,3.5
Gò Vấp,40.0,150.0,3.0,3.0,6.2
9,84.0,157.0,3.0,3.0,6.5
6,76.0,198.0,3.0,4.0,10.0
Tân Phú,70.0,150.0,2.0,2.0,5.5
11,223.0,628.0,5.0,6.0,60.0
6,72.5,72.5,5.0,4.0,13.0
4,54.0,54.0,2.0,2.0,1.99
2,72.0,72.0,2.0,1.0,5.0
Thủ Đức (TP. Thủ Đức),60.0,180.0,4.0,4.0,7.11
Bình Tân,86.0,230.0,4.0,5.0,12.3
8,70.0,140.0,3.0,3.0,0.98
Tân Phú,80.0,401.3,6.0,7.0,21.0
6,79.0,305.0,5.0,5.0,39.0
7,72.0,72.0,2.0,3.0,6.3
Thủ Đức (TP. Thủ Đức),90.0,90.0,2.0,2.0,4.3
10,102.0,68.0,6.0,6.0,12.0
5,52.0,250.0,7.0,6.0,9.8
Bình Tân,56.0,56.0,3.0,3.0,5.949
4,51.0,82.0,2.0,3.0,6.2
9,1000.0,1300.0,3.0,5.0,26.0
3,217.0,124.8,3.0,3.0,105.0
4,73.0,73.0,3.0,2.0,1.89
11,64.0,151.0,4.0,4.0,12.9
Thủ Đức (TP. Thủ Đức),180.0,180.0,3.0,3.0,5.8
11,40.0,92.0,3.0,2.0,4.5
11,8.7,8.7,1.0,1.0,1.999
11,42.0,42.0,1.0,1.0,11.9
12,65.2,65.2,2.0,2.0,4.6
Thủ Đức (TP. Thủ Đức),444.0,1132.0,10.0,8.0,105.0
Bình Tân,48.0,79.0,2.0,2.0,4.499
8,180.0,300.0,7.0,7.0,17.4
Bình Thạnh,60.0,60.0,4.0,5.0,7.65
Tân Phú,80.0,150.0,3.0,2.0,14.0
1,77.0,210.0,3.0,3.0,28.5
8,52.1,200.0,3.0,3.0,11.0
3,61.0,350.0,6.0,6.0,24.0
6,72.0,350.0,6.0,7.0,19.9
4,55.0,110.0,2.0,2.0,0.93
8,70.0,70.0,2.0,3.0,6.7
9,125.0,112.0,2.0,2.0,7.5
Thủ Đức (TP. Thủ Đức),75.0,75.0,3.0,3.0,5.6
9,44.0,57.0,3.0,2.0,4.3
Bình Tân,58.0,205.0,4.0,5.0,10.2
9,80.0,80.0,4.0,5.0,3.9
7,72.0,72.0,3.0,2.0,5.9
11,23.0,23.0,2.0,2.0,2.65
11,55.0,149.0,4.0,4.0,8.8
Tân Phú,84.0,240.0,5.0,5.0,7.89
9,68.0,68.0,3.0,3.0,5.1
6,60.0,129.0,4.0,5.0,9.2
Tân Phú,100.0,360.0,5.0,5.0,12.99
1,30.0,60.0,2.0,2.0,2.45
12,60.0,60.0,4.0,4.0,5.75
9,56.0,56.0,3.0,4.0,5.8
11,65.0,260.0,7.0,7.0,8.3
12,55.0,55.0,3.0,2.0,4.5
Bình Thạnh,80.0,500.0,8.0,8.0,24.5
10,259.0,1357.0,7.0,7.0,59.999
4,81.0,81.0,5.0,4.0,5.1
4,55.0,110.0,3.0,2.0,0.93
8,36.0,72.0,3.0,2.0,3.96
3,108.0,324.0,2.0,2.0,72.0
6,80.0,400.0,5.0,4.0,9.7
7,160.0,400.0,5.0,6.0,21.0
4,82.0,82.0,2.0,2.0,3.5
7,72.0,72.0,3.0,2.0,5.55
Bình Tân,102.0,220.0,5.0,4.0,14.5
10,212.0,212.0,2.0,2.0,54.0
12,80.0,80.0,4.0,6.0,7.45
6,47.8,170.0,6.0,4.0,10.8
4,106.0,106.0,3.0,2.0,1.59
8,60.0,60.0,2.0,2.0,2.75
2,127.0,127.0,3.0,2.0,18.0
4,80.0,80.0,3.0,3.0,4.1
11,150.0,450.0,5.0,4.0,22.0
9,60.0,60.0,2.0,2.0,4.3
Bình Tân,24.0,41.2,2.0,2.0,2.65
8,58.0,116.0,3.0,3.0,0.93
9,72.0,155.0,3.0,3.0,6.999
12,53.0,53.0,4.0,2.0,3.85
9,57.0,70.0,3.0,2.0,4.15
6,123.0,155.0,1.0,1.0,16.0
11,60.0,60.0,3.0,4.0,2.2
Bình Tân,90.0,265.0,4.0,3.0,12.5
Gò Vấp,72.0,325.0,6.0,7.0,14.9
7,64.0,120.0,3.0,2.0,5.4
8,59.0,118.0,2.0,2.0,0.895
8,75.0,150.0,3.0,4.0,7.499
1,159.6,388.0,3.0,3.0,110.0
11,68.0,272.0,3.0,4.0,9.999
1,69.0,69.0,2.0,2.0,5.18
12,62.0,62.0,4.0,5.0,6.45
Thủ Đức (TP. Thủ Đức),294.0,294.0,3.0,3.0,13.9
3,99.0,785.0,3.0,3.0,75.0
4,73.0,73.0,2.0,1.0,4.9
6,156.0,250.0,4.0,3.0,36.0
4,111.0,111.0,3.0,2.0,5.55
11,52.0,52.0,3.0,3.0,8.7
4,117.0,117.0,3.0,2.0,6.0
8,64.0,128.0,3.0,3.0,0.91
1,160.0,480.0,3.0,3.0,120.0
9,96.0,105.0,3.0,2.0,4.4
9,50.0,99.0,3.0,3.0,4.1
9,55.0,55.0,3.0,3.0,3.5
1,105.0,279.0,5.0,6.0,25.0
Bình Tân,200.0,350.0,4.0,5.0,23.0
8,24.0,77.0,2.0,3.0,5.2
11,60.0,120.0,3.0,2.0,8.7
4,75.0,75.0,2.0,2.0,3.7
4,51.0,51.0,1.0,1.0,2.5
4,50.0,100.0,3.0,3.0,4.0
6,78.0,140.0,3.0,3.0,13.0
9,68.0,100.0,4.0,3.0,8.4
4,80.64,80.64,2.0,2.0,1.85
8,56.0,112.0,4.0,3.0,1.085
11,24.0,24.0,3.0,3.0,3.98
9,70.0,140.0,3.0,3.0,1.06
10,15.0,40.0,2.0,2.0,3.5
8,21.0,42.0,2.0,1.0,1.37
9,100.0,100.0,5.0,5.0,6.3
Bình Tân,40.0,79.0,2.0,2.0,4.899
12,51.0,110.0,4.0,3.0,4.98
5,55.0,110.0,3.0,3.0,0.865
6,112.0,450.0,6.0,4.0,13.9
6,90.0,90.0,6.0,5.0,21.5
Thủ Đức (TP. Thủ Đức),66.0,66.0,4.0,4.0,7.25
Tân Phú,56.0,200.0,4.0,4.0,8.49
4,60.0,60.0,2.0,2.0,2.47
Bình Thạnh,63.0,180.0,3.0,3.0,9.0
Bình Tân,66.0,66.0,5.0,5.0,8.2
Phú Nhuận,85.0,93.0,3.0,3.0,60.0
10,68.0,300.0,6.0,6.0,20.0
5,100.0,450.0,5.0,5.0,25.0
Phú Nhuận,39.0,78.0,3.0,2.0,6.3
6,145.0,400.0,5.0,3.0,15.5
4,70.0,140.0,3.0,3.0,1.079
2,533.0,656.6,5.0,6.0,200.0
Tân Bình,75.0,300.0,5.0,5.0,15.0
Phú Nhuận,61.8,240.0,4.0,4.0,11.3
8,75.0,320.0,10.0,5.0,11.1
8,32.0,32.0,2.0,3.0,3.25
11,54.0,112.0,2.0,2.0,7.9
12,80.0,80.0,4.0,6.0,7.65
Gò Vấp,86.6,500.0,5.0,7.0,14.99
11,67.0,142.0,3.0,4.0,10.0
Phú Nhuận,56.0,194.0,5.0,4.0,5.78
10,110.0,110.0,6.0,6.0,35.0
Phú Nhuận,144.0,144.0,6.0,6.0,31.0
1,192.0,1152.0,7.0,7.0,180.0
Tân Phú,70.0,240.0,4.0,4.0,11.5
Phú Nhuận,125.0,1048.0,8.0,7.0,60.0
9,56.0,124.0,4.0,3.0,5.7
1,340.8,238.0,4.0,4.0,170.0
1,441.0,2000.0,10.0,10.0,130.0
7,60.0,100.0,3.0,2.0,8.5
Thủ Đức (TP. Thủ Đức),28.0,56.0,2.0,2.0,3.149
7,72.0,288.0,4.0,5.0,12.7
6,73.0,73.0,5.0,3.0,13.0
9,60.0,120.0,3.0,3.0,0.93
8,45.0,250.0,4.0,5.0,8.1
Gò Vấp,39.0,109.0,5.0,4.0,5.65
Thủ Đức (TP. Thủ Đức),87.0,87.0,4.0,2.0,5.28
Bình Thạnh,79.0,239.0,4.0,2.0,4.899
2,96.0,96.0,3.0,2.0,8.5
9,220.0,220.0,3.0,2.0,16.0
6,133.0,133.0,3.0,3.0,14.5
Bình Tân,80.0,80.0,2.0,1.0,5.8
5,65.0,65.0,2.0,3.0,6.9
8,58.0,116.0,3.0,3.0,1.1
11,58.0,240.0,4.0,5.0,11.5
5,120.0,720.0,10.0,10.0,50.0
10,90.0,300.0,4.0,5.0,11.5
8,58.0,116.0,2.0,2.0,1.27
Bình Thạnh,26.0,60.0,2.0,3.0,4.5
7,90.0,160.0,6.0,6.0,8.5
7,112.0,242.0,7.0,7.0,17.5
1,80.0,80.0,2.0,2.0,5.1
2,69.0,69.0,2.0,1.0,4.0
7,115.0,115.0,2.0,2.0,13.8
Tân Phú,76.0,280.0,6.0,4.0,10.999
4,74.0,74.0,5.0,5.0,2.49
Phú Nhuận,40.0,150.0,5.0,5.0,6.5
12,90.0,90.0,3.0,2.0,7.9
8,67.0,134.0,3.0,2.0,0.725
4,79.0,79.0,2.0,2.0,4.0
1,90.0,450.0,5.0,5.0,74.0
Bình Tân,40.0,111.0,3.0,3.0,4.899
Tân Phú,61.0,61.0,4.0,4.0,10.0
9,105.0,180.0,4.0,4.0,6.0
10,78.0,78.0,6.0,7.0,21.5
6,74.0,74.0,5.0,6.0,13.2
Thủ Đức (TP. Thủ Đức),370.0,135.0,1.0,1.0,60.0
Tân Bình,220.0,220.0,10.0,10.0,23.0
12,35.0,70.0,2.0,2.0,1.25
10,137.0,330.0,5.0,5.0,60.0
8,56.0,168.0,4.0,3.0,0.88
Tân Bình,60.0,250.0,5.0,6.0,7.0
Bình Thạnh,55.0,300.0,9.0,6.0,19.5
12,65.0,65.0,2.0,2.0,6.7
7,220.0,700.0,6.0,6.0,43.0
5,55.0,55.0,4.0,5.0,10.9
1,72.0,288.0,4.0,4.0,41.0
2,100.0,395.0,4.0,5.0,32.5
5,56.0,224.0,4.0,3.0,21.0
2,120.0,120.0,3.0,3.0,12.9
Bình Thạnh,80.0,160.0,8.0,3.0,7.0
4,45.0,45.0,2.0,2.0,2.53
11,62.0,124.0,3.0,2.0,0.92
12,250.0,500.0,5.0,5.0,22.0
1,208.0,969.0,3.0,3.0,320.0
Tân Phú,200.0,600.0,3.0,2.0,43.0
Tân Phú,73.0,220.0,4.0,4.0,14.0
1,36.0,36.0,3.0,4.0,8.2
4,74.0,74.0,2.0,2.0,1.75
3,100.0,600.0,6.0,6.0,30.0
11,265.0,400.0,4.0,4.0,23.0
6,183.0,627.9,8.0,9.0,43.0
11,27.0,87.0,2.0,4.0,3.6
12,58.0,66.0,1.0,1.0,2.4
12,56.0,100.0,2.0,2.0,3.8
4,70.0,70.0,2.0,1.0,5.3
Phú Nhuận,56.6,145.0,3.0,3.0,4.15
2,180.0,181.0,5.0,5.0,130.0
Bình Tân,56.0,222.0,4.0,5.0,6.699
Tân Bình,54.0,189.0,5.0,4.0,10.5
5,70.0,350.0,8.0,9.0,13.2
12,52.0,52.0,4.0,5.0,6.15
7,92.0,220.0,4.0,5.0,15.0
12,86.0,86.0,1.0,1.0,4.5
Gò Vấp,78.0,248.0,4.0,6.0,12.89
2,139.0,139.0,3.0,2.0,23.0
Tân Phú,90.0,90.0,4.0,5.0,7.5
9,58.0,116.0,3.0,3.0,0.85
4,80.0,80.0,2.0,2.0,3.6
6,78.0,78.0,5.0,3.0,9.5
6,49.0,96.0,3.0,2.0,6.3
Tân Phú,65.0,65.0,1.0,1.0,7.5
12,73.8,73.8,1.0,1.0,6.3
Tân Bình,127.0,240.0,5.0,5.0,21.5
1,250.0,250.0,6.0,6.0,51.0
Bình Tân,90.0,160.0,4.0,3.0,6.85
Tân Bình,183.0,183.0,7.0,7.0,43.0
5,60.0,250.0,5.0,6.0,20.4
Phú Nhuận,65.0,180.0,5.0,3.0,10.5
9,97.0,150.0,3.0,3.0,9.5
5,55.0,110.0,2.0,2.0,3.58
5,30.0,90.0,3.0,3.0,12.0
5,58.0,58.0,3.0,3.0,2.65
12,30.0,90.0,3.0,3.0,1.25
Bình Thạnh,37.0,66.0,2.0,2.0,4.5
Tân Bình,70.0,200.0,4.0,5.0,8.0
5,63.0,126.0,3.0,3.0,1.1
12,60.0,60.0,1.0,1.0,4.5
11,62.0,120.0,4.0,3.0,1.78
2,88.0,88.0,2.0,2.0,9.2
11,32.4,72.0,3.0,3.0,1.79
Bình Tân,168.0,200.0,4.0,4.0,23.9
11,304.0,1960.0,1.0,1.0,180.0
1,70.0,70.0,5.0,5.0,36.5
1,168.0,840.0,5.0,5.0,196.0
4,60.0,120.0,3.0,3.0,0.92
Bình Thạnh,63.0,150.0,7.0,5.0,7.2
5,57.0,79.0,4.0,5.0,7.8
1,121.0,121.0,3.0,2.0,11.0
1,69.8,345.6,4.0,4.0,85.0
6,331.0,1300.0,10.0,6.0,38.0
6,132.0,132.0,5.0,5.0,26.0
9,60.0,121.0,3.0,3.0,1.07
Gò Vấp,105.0,550.0,6.0,6.0,17.0
8,66.0,82.0,6.0,8.0,11.2
Bình Tân,60.0,240.0,4.0,4.0,8.5
5,96.0,320.0,7.0,8.0,21.0
11,57.0,114.0,3.0,3.0,1.15
Bình Tân,150.0,150.0,2.0,1.0,8.7
9,68.0,136.0,3.0,3.0,0.76
Tân Phú,60.0,200.0,4.0,4.0,7.0
Tân Phú,51.0,250.0,4.0,5.0,7.39
7,64.0,240.0,4.0,5.0,6.95
6,72.0,280.0,6.0,6.0,14.0
9,60.5,170.0,4.0,4.0,5.6
Tân Bình,64.0,192.0,3.0,3.0,18.5
8,40.0,80.0,3.0,2.0,3.19
8,98.0,98.0,3.0,1.0,5.9
Tân Phú,56.0,56.0,4.0,4.0,9.8
8,26.0,52.0,2.0,2.0,2.1
8,60.0,60.0,3.0,4.0,6.5
4,71.0,71.0,2.0,2.0,5.0
6,64.0,64.0,5.0,4.0,9.0
7,55.0,110.0,2.0,3.0,5.5
Tân Bình,196.0,1055.0,10.0,10.0,69.0
Bình Thạnh,30.0,95.0,3.0,4.0,4.5
1,648.0,704.0,1.0,1.0,320.0
Thủ Đức (TP. Thủ Đức),236.0,236.0,2.0,2.0,10.0
12,60.0,60.0,4.0,5.0,4.1
1,75.6,278.0,9.0,9.0,52.0
11,60.0,100.0,2.0,2.0,6.6
4,117.0,117.0,3.0,2.0,7.5
12,45.6,45.6,3.0,2.0,5.1
4,87.0,87.0,3.0,2.0,5.9
12,61.2,61.2,1.0,1.0,2.15
12,56.0,56.0,4.0,5.0,6.25
Tân Phú,52.0,217.0,7.0,5.0,10.6
8,61.0,120.0,3.0,3.0,1.1
1,220.0,1110.0,5.0,5.0,120.0
12,72.0,72.0,2.0,3.0,5.95
6,42.0,180.0,3.0,4.0,8.5
Tân Phú,156.0,156.0,2.0,2.0,17.8
Bình Tân,36.0,70.0,2.0,2.0,2.98
3,114.0,250.0,2.0,2.0,45.0
Thủ Đức (TP. Thủ Đức),58.0,58.0,3.0,2.0,4.2
1,120.0,600.0,5.0,5.0,160.0
Gò Vấp,79.0,225.0,4.0,4.0,8.999
8,52.0,104.0,2.0,2.0,0.87
7,66.6,180.0,4.0,5.0,7.45
6,133.0,133.0,3.0,1.0,14.5
11,92.0,234.0,3.0,3.0,70.0
5,48.0,90.0,2.0,1.0,19.5
12,35.0,60.0,2.0,2.0,0.799
2,160.0,917.0,5.0,7.0,115.0
Tân Phú,41.5,41.5,4.0,3.0,6.5
6,82.0,230.0,4.0,5.0,9.4
Bình Tân,92.0,250.0,4.0,4.0,9.0
4,65.0,65.0,2.0,1.0,5.2
Phú Nhuận,131.0,992.0,8.0,8.0,54.0
8,65.0,130.0,3.0,2.0,0.95
9,280.0,280.0,4.0,4.0,29.9
11,80.0,80.0,4.0,3.0,3.75
1,102.0,300.0,6.0,6.0,35.0
7,48.0,48.0,4.0,3.0,7.6
10,40.0,80.0,3.0,2.0,3.8
6,106.0,550.0,5.0,6.0,14.9
6,200.0,200.0,5.0,3.0,31.0
12,30.0,60.0,2.0,1.0,1.849
6,135.0,520.0,5.0,4.0,16.5
10,55.0,50.0,8.0,8.0,29.8
6,68.0,68.0,4.0,4.0,11.5
Bình Tân,72.0,72.0,4.0,4.0,8.3
8,150.0,190.0,3.0,2.0,10.2
Gò Vấp,74.0,162.0,5.0,4.0,10.5
7,79.0,140.0,3.0,3.0,11.5
7,120.0,250.0,5.0,4.0,8.5
4,40.0,40.0,1.0,1.0,2.3
11,44.0,100.0,3.0,2.0,6.5
6,78.0,255.0,5.0,6.0,13.5
1,72.0,72.0,1.0,1.0,11.2
7,150.0,250.0,5.0,5.0,13.6
Tân Bình,64.0,3.0,4.0,5.0,6.5
1,110.0,300.0,5.0,6.0,25.0
5,52.0,104.0,3.0,3.0,1.97
9,50.0,45.0,2.0,2.0,3.6
7,220.0,650.0,5.0,6.0,47.0
2,137.0,137.0,3.0,2.0,17.5
9,192.0,192.0,2.0,1.0,18.5
9,51.0,118.0,4.0,3.0,4.7
3,320.0,640.0,2.0,2.0,400.0
2,100.0,300.0,4.0,5.0,18.0
11,48.0,192.0,2.0,2.0,5.95
7,132.0,600.0,1.0,5.0,27.0
7,40.0,100.0,3.0,4.0,8.099
11,103.0,500.0,5.0,4.0,26.5
Bình Tân,80.0,200.0,4.0,5.0,6.5
3,108.0,84.0,7.0,7.0,35.0
4,75.0,75.0,2.0,2.0,5.3
6,66.0,130.0,4.0,3.0,0.995
Phú Nhuận,42.0,150.0,5.0,5.0,7.1
Thủ Đức (TP. Thủ Đức),53.4,125.46,3.0,2.0,8.0
6,66.0,130.0,4.0,3.0,1.06
10,80.0,80.0,8.0,8.0,28.0
Tân Bình,295.2,1212.0,7.0,8.0,70.0
Tân Phú,60.0,200.0,5.0,4.0,9.999
Phú Nhuận,256.0,1024.0,4.0,4.0,193.0
Tân Bình,39.0,90.0,3.0,4.0,4.0
11,49.0,150.0,2.0,2.0,6.5
6,93.0,298.0,4.0,4.0,12.5
Bình Thạnh,62.53,250.12,4.0,3.0,14.0
11,111.0,300.0,3.0,2.0,26.5
2,140.0,420.0,4.0,5.0,40.0
4,135.0,135.0,4.0,2.0,8.6
Tân Phú,31.0,54.0,1.0,1.0,3.2
6,443.0,443.0,3.0,3.0,65.0
4,76.0,76.0,2.0,1.0,3.25
9,56.0,112.0,2.0,2.0,0.91
Thủ Đức (TP. Thủ Đức),125.0,125.0,4.0,4.0,6.5
5,50.0,50.0,4.0,5.0,2.55
9,67.0,67.0,4.0,4.0,6.49
9,62.0,123.0,4.0,5.0,5.5
Phú Nhuận,92.0,276.0,4.0,4.0,13.0
Gò Vấp,80.0,289.0,4.0,7.0,15.7
6,49.0,116.0,4.0,1.0,5.699
1,137.0,799.0,6.0,6.0,40.0
6,56.0,210.0,4.0,5.0,9.5
Tân Bình,31.0,31.0,2.0,2.0,7.35
2,144.0,144.0,3.0,3.0,30.0
12,72.0,72.0,4.0,5.0,8.19
7,290.0,290.0,5.0,5.0,140.0
Tân Bình,40.0,200.0,5.0,5.0,6.3
5,96.0,762.0,8.0,8.0,36.0
8,41.0,41.0,3.0,3.0,3.69
Gò Vấp,150.0,249.0,4.0,2.0,13.499
10,303.0,303.0,7.0,7.0,88.0
Bình Tân,48.0,48.0,3.0,3.0,3.179
Phú Nhuận,21.0,50.0,3.0,3.0,11.9
9,96.0,95.0,2.0,1.0,3.5
4,24.1,24.1,4.0,4.0,1.8
Phú Nhuận,144.0,144.0,1.0,1.0,31.0
9,106.0,106.0,6.0,6.0,7.7
Tân Phú,38.0,76.0,3.0,2.0,3.05
2,350.0,500.0,4.0,5.0,98.0
10,200.0,999.0,10.0,10.0,57.0
9,85.0,85.0,3.0,2.0,4.89
8,44.0,44.0,2.0,2.0,2.95
Bình Tân,200.0,200.0,6.0,7.0,15.0
2,142.0,142.0,3.0,3.0,19.0
Bình Tân,54.0,199.0,6.0,4.0,5.959
Thủ Đức (TP. Thủ Đức),100.2,350.0,3.0,3.0,54.999
12,81.0,81.0,1.0,1.0,4.8
10,45.0,150.0,4.0,3.0,9.799
1,50.0,50.0,1.0,1.0,5.6
Phú Nhuận,69.0,169.0,4.0,3.0,3.55
7,54.0,200.0,4.0,5.0,6.95
12,170.0,170.0,4.0,4.0,15.0
4,80.0,80.0,2.0,2.0,4.4
Bình Tân,50.0,50.0,1.0,1.0,4.1
Thủ Đức (TP. Thủ Đức),68.0,68.0,2.0,2.0,4.4
9,50.0,58.0,2.0,1.0,4.15
8,100.0,100.0,3.0,3.0,2.4
12,75.0,75.0,4.0,3.0,2.9
7,62.0,240.0,4.0,5.0,12.99
1,234.0,234.0,1.0,1.0,169.999
Phú Nhuận,52.0,104.0,3.0,2.0,3.65
9,149.0,300.0,3.0,2.0,10.499
5,68.0,126.0,2.0,2.0,1.24
5,56.0,56.0,3.0,3.0,3.3
9,212.0,212.0,3.0,2.0,12.0
8,34.0,66.0,2.0,2.0,3.55
11,59.0,230.0,7.0,8.0,9.6
Tân Bình,540.0,540.0,6.0,6.0,52.0
2,51.0,51.0,1.0,1.0,7.0
4,60.0,60.0,1.0,1.0,4.7
9,180.0,291.0,5.0,6.0,23.0
6,39.0,78.0,2.0,2.0,4.5
Phú Nhuận,75.2,232.0,3.0,4.0,35.0
2,100.0,100.0,2.0,2.0,13.5
7,51.0,173.0,4.0,4.0,13.0
Tân Phú,90.0,90.0,4.0,4.0,12.7
2,129.0,129.0,3.0,2.0,19.5
Thủ Đức (TP. Thủ Đức),170.0,170.0,3.0,2.0,9.8
9,90.0,256.0,4.0,5.0,9.495
1,84.0,420.0,5.0,4.0,41.0
7,105.0,210.0,6.0,6.0,7.8
8,220.0,300.0,4.0,2.0,19.0
Gò Vấp,176.0,180.0,6.0,6.0,40.0
Bình Tân,56.0,56.0,2.0,2.0,5.8
6,74.0,74.0,2.0,1.0,10.5
5,88.0,300.0,3.0,3.0,25.0
Phú Nhuận,44.0,44.0,2.0,2.0,6.3
10,136.0,136.0,4.0,4.0,59.0
5,50.0,110.0,3.0,3.0,1.97
Tân Bình,85.0,85.0,6.0,6.0,130.0
Thủ Đức (TP. Thủ Đức),100.0,243.0,4.0,5.0,11.4
9,1000.0,1000.0,5.0,3.0,18.5
Thủ Đức (TP. Thủ Đức),97.0,97.0,3.0,2.0,7.0
11,60.0,60.0,4.0,5.0,2.35
11,56.0,156.0,4.0,4.0,14.9
2,88.0,88.0,2.0,2.0,11.5
4,170.0,170.0,3.0,3.0,0.007
11,94.0,94.0,1.0,1.0,6.3
Gò Vấp,50.0,140.0,4.0,3.0,4.399
3,138.0,138.0,2.0,2.0,60.0
Gò Vấp,56.0,190.0,4.0,3.0,14.999
8,190.0,300.0,4.0,4.0,18.0
12,72.0,72.0,4.0,4.0,8.35
Bình Thạnh,72.0,280.0,4.0,3.0,14.5
3,260.0,260.0,2.0,2.0,52.0
Thủ Đức (TP. Thủ Đức),55.0,55.0,3.0,2.0,5.3
9,58.0,209.6,6.0,3.0,10.2
5,58.0,116.0,3.0,3.0,0.94
9,85.0,85.0,5.0,6.0,2.6
Gò Vấp,81.0,300.0,4.0,4.0,9.2
Bình Tân,64.0,64.0,4.0,3.0,7.4
4,108.0,756.0,6.0,7.0,45.0
12,127.0,127.0,3.0,2.0,12.5
4,45.0,90.0,2.0,2.0,0.75
6,122.0,450.0,5.0,6.0,17.9
2,200.0,450.0,4.0,5.0,60.0
Bình Tân,125.0,150.0,2.0,2.0,9.5
11,65.0,310.0,6.0,4.0,13.5
12,56.0,56.0,4.0,6.0,6.5
9,62.0,140.0,4.0,4.0,5.1
7,64.0,64.0,4.0,4.0,8.5
8,72.0,290.0,8.0,9.0,13.0
6,72.0,218.0,5.0,6.0,12.7
4,62.0,124.0,3.0,3.0,0.83
8,65.0,130.0,3.0,3.0,1279.999
9,67.0,150.0,3.0,3.0,5.1
9,63.0,126.0,3.0,3.0,0.945
Bình Thạnh,80.0,240.0,4.0,5.0,12.23
1,285.0,1396.0,3.0,3.0,320.0
11,53.0,100.0,3.0,2.0,13.0
Tân Phú,73.0,73.0,1.0,1.0,6.8
11,92.0,220.0,3.0,2.0,7.5
2,100.0,356.5,4.0,4.0,29.0
9,192.0,232.0,3.0,3.0,14.4
12,105.0,105.0,4.0,7.0,10.9
5,120.0,250.0,3.0,3.0,23.5
3,35.0,200.0,10.0,8.0,18.0
6,72.0,296.0,4.0,4.0,11.7
Thủ Đức (TP. Thủ Đức),229.0,229.0,7.0,7.0,9.0
3,160.0,551.0,6.0,7.0,60.0
9,86.0,86.0,5.0,5.0,8.8
4,49.0,150.0,2.0,3.0,2.5
9,100.0,100.0,4.0,5.0,18.0
9,144.0,144.0,2.0,2.0,14.4
2,104.0,104.0,3.0,2.0,22.5
4,50.0,50.0,1.0,1.0,3.7
Bình Thạnh,55.0,250.0,5.0,6.0,8.9
Phú Nhuận,154.0,950.0,7.0,7.0,40.0
2,270.0,270.0,2.0,2.0,29.0
4,84.0,84.0,2.0,2.0,3.7
10,15.0,40.0,2.0,2.0,2.95
Tân Phú,72.0,72.0,1.0,1.0,9.2
4,11.9,23.0,1.0,1.0,1.15
6,96.0,259.0,5.0,6.0,12.5
9,77.0,77.0,2.0,1.0,6.05
12,53.0,53.0,2.0,1.0,5.5
6,108.0,310.0,5.0,4.0,10.2
Bình Tân,365.0,365.0,1.0,1.0,70.0
5,62.0,124.0,3.0,2.0,0.91
5,211.6,575.0,2.0,2.0,180.0
4,83.0,83.0,3.0,2.0,6.5
Tân Phú,102.0,240.0,4.0,3.0,12.0
3,434.0,1685.0,7.0,7.0,170.0
12,90.0,90.0,3.0,2.0,6.1
Tân Bình,52.0,96.0,2.0,2.0,8.4
2,124.0,146.0,3.0,2.0,24.0
11,59.0,260.0,4.0,3.0,21.0
3,65.0,349.0,7.0,7.0,31.0
12,250.0,250.0,1.0,1.0,24.0
12,63.0,63.0,4.0,4.0,5.9
9,100.0,217.0,5.0,5.0,24.0
Bình Tân,44.0,176.0,4.0,3.0,5.2
Bình Thạnh,47.0,200.0,4.0,4.0,8.8
10,120.0,840.0,6.0,7.0,45.0
8,60.0,120.0,3.0,3.0,1.053
1,850.0,850.0,6.0,6.0,570.0
12,76.0,76.0,1.0,1.0,5.8
4,80.0,80.0,4.0,5.0,4.0
1,132.5,452.0,5.0,5.0,130.0
1,242.0,1160.0,7.0,7.0,87.0
10,54.0,200.0,5.0,5.0,25.0
4,58.0,116.0,3.0,3.0,1.46
1,312.0,1200.0,5.0,6.0,320.0
2,175.0,175.0,3.0,2.0,15.0
Gò Vấp,52.0,52.0,4.0,5.0,7.95
Thủ Đức (TP. Thủ Đức),64.0,64.0,5.0,6.0,6.0
7,192.0,35.0,6.0,6.0,27.0
3,225.0,240.0,3.0,3.0,100.0
12,76.0,228.0,4.0,5.0,7.3
1,66.0,350.0,8.0,8.0,20.5
2,114.0,114.0,1.0,1.0,25.5
1,150.0,722.0,10.0,6.0,180.0
Tân Bình,55.0,200.0,4.0,5.0,8.7
Gò Vấp,65.0,225.0,4.0,5.0,9.9
10,40.0,100.0,3.0,3.0,6.0
9,57.0,228.0,4.0,5.0,6.199
1,139.0,139.0,2.0,2.0,43.0
Phú Nhuận,144.0,576.0,6.0,6.0,62.0
9,72.0,72.0,4.0,5.0,2.45
10,70.0,70.0,4.0,3.0,11.9
Bình Thạnh,42.0,150.0,4.0,5.0,6.85
1,119.0,499.0,5.0,5.0,280.0
12,90.0,90.0,1.0,1.0,6.8
6,133.0,133.0,5.0,3.0,10.5
9,80.0,80.0,3.0,3.0,4.5
4,64.0,126.0,3.0,3.0,0.97
1,67.0,433.0,5.0,6.0,43.0
8,63.0,126.0,2.0,2.0,0.87
Bình Tân,40.0,40.0,2.0,2.0,4.75
2,94.0,400.0,7.0,7.0,14.0
5,27.0,27.0,5.0,5.0,33.5
Phú Nhuận,128.0,600.0,6.0,5.0,55.0
Bình Tân,60.0,60.0,4.0,4.0,9.7
11,59.0,118.0,2.0,2.0,0.915
1,90.0,450.0,5.0,5.0,25.0
12,590.0,678.0,2.0,1.0,49.0
Bình Tân,112.0,112.0,2.0,1.0,5.8
8,60.0,180.0,3.0,3.0,0.86
Tân Bình,305.0,305.0,2.0,2.0,47.0
1,72.0,504.0,6.0,7.0,28.0
Thủ Đức (TP. Thủ Đức),119.0,119.0,5.0,5.0,6.8
1,240.0,960.0,4.0,4.0,110.0
7,160.0,160.0,2.0,2.0,23.5
11,188.0,404.0,8.0,10.0,25.0
2,100.0,100.0,2.0,2.0,13.0
7,110.0,198.0,4.0,5.0,18.0
6,124.0,300.0,6.0,3.0,17.8
3,60.0,177.0,3.0,4.0,30.0
4,92.0,92.0,2.0,2.0,5.5
9,81.0,81.0,1.0,1.0,9.7
Bình Thạnh,45.0,120.0,4.0,3.0,7.3
Bình Thạnh,53.0,200.0,5.0,4.0,16.0
1,64.0,257.0,6.0,5.0,28.0
Bình Thạnh,227.0,1000.0,6.0,6.0,98.0
Tân Phú,98.0,98.0,4.0,4.0,10.0
9,88.0,88.0,5.0,5.0,7.4
Thủ Đức (TP. Thủ Đức),80.0,80.0,2.0,2.0,6.49
6,96.0,96.0,2.0,2.0,12.0
4,71.0,71.0,2.0,2.0,1.605
3,72.0,146.0,2.0,3.0,28.9
8,66.0,132.0,3.0,3.0,0.916
Bình Tân,30.0,50.0,2.0,2.0,1.75
11,60.0,60.0,6.0,7.0,15.3
1,198.0,198.0,10.0,10.0,450.0
2,92.0,92.0,3.0,2.0,6.499
Gò Vấp,32.0,59.0,2.0,1.0,3.3
8,70.0,140.0,3.0,3.0,1.1
6,53.0,53.0,4.0,4.0,9.0
4,60.0,120.0,3.0,3.0,1.135
4,117.0,117.0,3.0,2.0,9.7
Tân Phú,70.0,200.0,3.0,3.0,9.6
Bình Thạnh,52.0,250.0,6.0,7.0,9.0
6,135.0,260.0,5.0,4.0,18.9
12,60.0,60.0,3.0,2.0,4.85
1,50.0,50.0,1.0,1.0,6.0
10,50.0,250.0,5.0,6.0,15.7
9,67.0,122.0,3.0,3.0,1.53
5,62.0,62.0,2.0,2.0,8.5
Tân Bình,56.0,200.0,5.0,3.0,12.8
11,37.0,100.0,4.0,3.0,6.4
Bình Tân,19.0,96.0,3.0,4.0,2.95
12,107.0,107.0,4.0,4.0,6.5
8,70.0,70.0,4.0,2.0,4.3
7,140.0,140.0,5.0,5.0,40.999
Phú Nhuận,270.0,250.0,4.0,4.0,95.0
Tân Phú,82.0,300.0,5.0,5.0,17.5
10,40.0,100.0,3.0,3.0,14.0
Tân Phú,60.0,150.0,2.0,2.0,6.4
7,56.51,56.51,2.0,1.0,4.75
12,93.0,93.0,2.0,1.0,4.9
8,60.0,180.0,3.0,3.0,0.86
6,60.0,60.0,1.0,1.0,7.3
8,55.0,110.0,2.0,3.0,1.27
Phú Nhuận,132.0,132.0,7.0,7.0,35.0
6,99.0,250.0,4.0,2.0,12.8
Gò Vấp,40.0,154.0,10.0,10.0,7.3
5,59.0,118.0,3.0,3.0,0.99
12,99.0,180.0,3.0,4.0,6.6
Tân Bình,72.0,140.0,3.0,2.0,6.8
Tân Phú,60.0,250.0,6.0,6.0,9.8
4,56.0,112.0,3.0,3.0,1.26
8,136.0,400.0,5.0,5.0,12.0
Bình Tân,34.0,59.0,2.0,1.0,2.95
Thủ Đức (TP. Thủ Đức),58.0,95.0,4.0,4.0,5.7
11,60.0,178.0,2.0,2.0,2.78
5,92.0,92.0,5.0,6.0,3.45
12,68.0,136.0,2.0,2.0,5.4
Phú Nhuận,60.0,60.0,1.0,1.0,4.85
5,84.0,84.0,3.0,2.0,23.0
Bình Tân,45.0,45.0,3.0,3.0,5.2
Bình Thạnh,47.0,200.0,4.0,4.0,8.8
4,56.0,110.0,3.0,3.0,1.58
Bình Thạnh,30.8,150.0,2.0,3.0,5.5
4,35.0,98.0,2.0,3.0,6.0
Thủ Đức (TP. Thủ Đức),78.2,144.0,3.0,2.0,7.585
1,121.0,121.0,3.0,2.0,16.5
9,150.0,150.0,3.0,3.0,18.5
5,22.3,61.0,4.0,3.0,5.8
5,243.6,222.1,4.0,4.0,110.0
Bình Tân,365.0,365.0,1.0,1.0,70.0
Tân Phú,200.0,200.0,1.0,1.0,19.5
Bình Tân,90.0,220.0,4.0,5.0,11.6
6,90.0,350.0,7.0,8.0,14.5
4,122.0,122.0,3.0,3.0,1.393
9,50.0,110.0,3.0,3.0,5.1
Thủ Đức (TP. Thủ Đức),50.0,50.0,4.0,3.0,4.4
2,120.0,120.0,3.0,2.0,12.9
6,88.2,281.4,4.0,4.0,18.0
11,35.0,120.0,4.0,3.0,7.0
6,100.0,200.0,3.0,3.0,15.8
4,117.0,117.0,3.0,2.0,6.5
7,84.0,84.0,4.0,2.0,7.65
6,80.0,80.0,1.0,1.0,8.8
12,100.0,100.0,4.0,3.0,5.95
12,100.0,100.0,5.0,4.0,6.7
4,75.0,75.0,2.0,2.0,0.025
7,162.0,250.0,5.0,5.0,13.9
6,125.0,350.0,8.0,8.0,24.5
4,66.0,240.0,5.0,5.0,7.2
3,337.0,1600.0,10.0,10.0,260.0
Phú Nhuận,32.0,64.0,2.0,2.0,1.75
9,74.0,90.0,4.0,2.0,5.5
11,92.0,184.0,2.0,2.0,12.0
Tân Phú,117.0,117.0,6.0,3.0,14.0
Tân Bình,60.0,120.0,3.0,1.0,13.5
8,104.0,312.0,3.0,3.0,11.0
Thủ Đức (TP. Thủ Đức),76.0,76.0,2.0,2.0,3.95
6,183.0,183.0,4.0,4.0,26.5
11,79.0,120.0,3.0,2.0,15.5
2,97.0,97.0,2.0,2.0,10.3
8,64.0,128.0,3.0,3.0,0.88
11,64.0,139.0,3.0,2.0,14.5
4,33.0,66.0,2.0,2.0,4.2
11,33.0,66.0,2.0,1.0,4.8
Tân Bình,300.0,600.0,2.0,2.0,80.0
3,41.0,82.0,2.0,1.0,23.0
6,80.0,80.0,6.0,4.0,11.5
Tân Phú,140.0,400.0,3.0,3.0,28.3
4,70.0,70.0,4.0,3.0,4.3
Tân Bình,65.0,64.0,4.0,3.0,9.5
Bình Tân,56.0,99.0,3.0,3.0,4.499
1,89.0,630.0,7.0,7.0,36.0
1,261.0,261.0,3.0,3.0,55.0
Tân Phú,78.0,270.0,4.0,4.0,10.6
6,85.0,85.0,1.0,1.0,10.5
8,58.8,58.8,4.0,3.0,2.5
Gò Vấp,109.0,220.0,1.0,1.0,9.7
1,140.0,1120.0,8.0,8.0,65.0
9,152.0,185.0,9.0,9.0,6.3
Bình Tân,47.0,76.0,2.0,2.0,3.95
7,138.0,310.0,4.0,5.0,15.9
Bình Tân,68.0,68.0,4.0,5.0,7.9
1,225.0,450.0,10.0,10.0,80.0
Tân Phú,35.0,35.0,4.0,5.0,5.95
11,38.0,120.0,3.0,4.0,5.9
10,64.0,320.0,5.0,5.0,43.0
8,55.0,165.0,4.0,3.0,0.961
Thủ Đức (TP. Thủ Đức),64.0,155.0,4.0,3.0,7.5
11,56.0,112.0,2.0,3.0,1.04
12,130.0,130.0,8.0,8.0,7.29
12,60.0,60.0,3.0,4.0,5.6
Tân Phú,76.0,300.0,4.0,4.0,12.5
6,78.0,78.0,5.0,4.0,15.0
Bình Tân,100.0,280.0,4.0,4.0,11.9
9,50.0,99.0,3.0,3.0,4.1
9,60.0,120.0,3.0,3.0,0.79
8,66.0,132.0,3.0,3.0,1.05
Tân Phú,50.0,100.0,3.0,2.0,4.19
3,340.0,340.0,6.0,6.0,109.0
5,52.0,100.0,3.0,3.0,8.3
Bình Thạnh,92.0,180.0,3.0,2.0,12.6
6,72.0,72.0,2.0,2.0,13.5
6,144.0,550.0,7.0,8.0,28.0
Bình Tân,56.0,56.0,2.0,2.0,5.4
6,110.0,330.0,6.0,6.0,19.0
6,80.0,260.0,4.0,5.0,13.0
Phú Nhuận,30.0,90.0,4.0,5.0,6.5
7,80.0,80.0,5.0,5.0,8.65
8,68.0,136.0,3.0,3.0,0.975
7,122.0,122.0,3.0,2.0,11.0
8,73.0,73.0,5.0,4.0,7.3
Phú Nhuận,62.0,240.0,4.0,4.0,11.3
2,62.0,186.0,4.0,4.0,4.9
7,90.0,350.0,6.0,6.0,16.6
Tân Phú,68.0,140.0,2.0,2.0,9.5
1,74.0,296.0,4.0,3.0,85.0
Bình Thạnh,72.0,170.0,4.0,4.0,8.7
Gò Vấp,86.0,230.0,7.0,6.0,14.0
8,80.0,240.0,4.0,4.0,11.3
7,112.0,330.0,5.0,4.0,8.9
7,90.0,250.0,4.0,4.0,11.9
10,34.0,40.0,4.0,4.0,7.5
4,133.0,133.0,3.0,2.0,9.3
11,72.0,72.0,4.0,4.0,3.35
5,63.0,120.0,3.0,3.0,1.83
5,80.0,80.0,2.0,1.0,2.099
2,80.0,240.0,4.0,5.0,24.0
10,79.0,79.0,2.0,2.0,4.9
Bình Thạnh,180.0,180.0,6.0,6.0,58.0
Tân Phú,51.0,200.0,4.0,6.0,7.3
5,60.0,120.0,3.0,3.0,1.13
12,90.0,120.0,2.0,2.0,6.199
8,65.0,130.0,3.0,3.0,1.23
9,30.0,30.0,4.0,3.0,3.9
10,27.0,54.0,1.0,2.0,6.0
6,86.8,86.8,1.0,1.0,8.199
8,70.0,140.0,3.0,3.0,0.95
12,44.0,80.0,3.0,3.0,2.15
3,86.7,350.0,4.0,4.0,65.0
9,92.0,92.0,2.0,1.0,4.5
10,55.0,220.0,5.0,5.0,10.6
Tân Phú,68.0,68.0,5.0,4.0,8.9
Bình Thạnh,40.0,200.0,3.0,4.0,7.7
Tân Phú,32.0,64.0,2.0,3.0,1.89
5,222.0,222.0,5.0,5.0,35.0
1,132.0,132.0,6.0,6.0,57.0
7,40.0,120.0,3.0,3.0,10.5
Tân Phú,37.0,74.0,3.0,2.0,2.45
Bình Tân,150.0,92.0,2.0,2.0,12.0
8,62.0,124.0,3.0,3.0,0.98
8,29.0,58.0,3.0,3.0,4.4
5,52.0,200.0,4.0,3.0,9.5
12,208.0,208.0,1.0,1.0,16.0
10,89.0,540.0,6.0,6.0,45.0
6,50.0,150.0,4.0,3.0,7.6
Bình Thạnh,70.0,350.0,7.0,8.0,11.8
7,155.0,210.0,5.0,5.0,55.0
8,97.4,97.4,3.0,1.0,6.0
5,62.5,185.0,3.0,3.0,4.15
12,138.0,126.0,4.0,5.0,14.9
Bình Tân,66.0,66.0,5.0,5.0,8.2
11,52.0,52.0,4.0,5.0,3.55
Phú Nhuận,100.0,450.0,5.0,6.0,25.999
9,88.0,90.0,2.0,2.0,4.9
12,23.5,23.5,2.0,1.0,2.35
5,68.0,136.0,3.0,3.0,1.39
3,84.0,73.4,6.0,7.0,40.0
9,160.0,254.0,4.0,5.0,12.0
4,55.0,54.0,3.0,2.0,0.93
3,48.0,48.0,5.0,5.0,25.0
2,152.0,152.0,3.0,2.0,25.0
9,64.0,128.0,3.0,3.0,0.92
2,149.4,323.0,4.0,5.0,39.5
9,28.0,56.0,1.0,1.0,2.1
11,65.0,65.0,3.0,3.0,3.1
Gò Vấp,75.0,220.0,5.0,4.0,8.6
6,60.0,60.0,5.0,6.0,9.5
11,28.0,28.0,2.0,2.0,3.5
9,67.0,134.0,3.0,3.0,0.69
2,153.0,153.0,6.0,6.0,70.0
12,30.0,60.0,2.0,2.0,1.85
2,120.0,120.0,3.0,2.0,10.5
Tân Bình,64.0,130.0,2.0,3.0,7.2
9,190.0,850.0,3.0,3.0,34.0
2,140.0,140.0,1.0,1.0,105.0
4,50.0,50.0,2.0,2.0,0.975
9,330.0,330.0,2.0,1.0,16.499
2,142.0,142.0,3.0,3.0,23.0
9,88.0,156.0,4.0,4.0,7.0
4,78.5,78.5,2.0,2.0,2.58
11,72.0,72.0,5.0,5.0,3.15
Thủ Đức (TP. Thủ Đức),349.0,400.0,6.0,5.0,36.5
Bình Tân,60.0,60.0,5.0,4.0,7.5
5,70.0,110.0,2.0,2.0,19.7
10,35.0,35.0,4.0,3.0,6.5
Tân Phú,162.0,700.0,6.0,6.0,27.0
9,83.0,160.0,4.0,2.0,5.5
10,154.0,358.0,5.0,5.0,56.0
9,72.0,72.0,4.0,2.0,3.5
2,70.0,70.0,2.0,2.0,12.0
4,50.0,50.0,1.0,1.0,2.75
4,56.0,112.0,3.0,2.0,1.22
2,160.0,160.0,3.0,2.0,25.0
6,51.0,51.0,5.0,5.0,9.0
7,355.0,1333.0,6.0,6.0,98.0
9,230.0,335.0,5.0,4.0,31.0
9,100.0,278.0,5.0,5.0,11.5
Thủ Đức (TP. Thủ Đức),57.0,84.0,3.0,2.0,4.68
Gò Vấp,127.0,530.0,5.0,5.0,27.0
Tân Phú,120.0,120.0,1.0,1.0,11.2
3,76.0,230.0,3.0,3.0,25.499
2,160.0,400.0,4.0,5.0,38.7
6,68.0,68.0,5.0,4.0,10.0
Bình Tân,56.0,56.0,4.0,3.0,5.9
6,104.0,104.0,6.0,5.0,15.0
9,110.0,109.0,3.0,2.0,5.699
6,68.0,68.0,1.0,1.0,8.6
Tân Phú,50.0,160.0,4.0,3.0,5.85
4,56.0,112.0,2.0,2.0,0.89
8,140.0,350.0,4.0,3.0,14.0
3,150.0,1050.0,7.0,7.0,160.0
5,60.0,120.0,3.0,3.0,0.83
12,75.0,120.0,3.0,3.0,5.85
Bình Thạnh,120.0,120.0,2.0,2.0,24.699
Bình Thạnh,45.0,270.0,6.0,6.0,13.0
4,68.0,68.0,3.0,2.0,1.85
5,49.0,49.0,3.0,4.0,2.8
8,500.0,500.0,6.0,6.0,30.0
2,67.0,67.0,2.0,2.0,1.34
4,80.0,80.0,2.0,2.0,1.77
2,77.0,77.0,2.0,2.0,3.25
3,130.0,780.0,6.0,6.0,34.0
Tân Phú,96.0,300.0,3.0,4.0,11.5
10,30.0,99.0,3.0,3.0,6.3
1,88.0,430.0,5.0,4.0,50.0
4,36.0,72.0,1.0,2.0,4.0
6,20.0,60.0,2.0,2.0,2.55
Bình Tân,900.0,900.0,1.0,1.0,75.0
9,80.0,80.0,3.0,3.0,4.759
8,67.0,134.0,3.0,3.0,0.78
1,14.0,30.0,2.0,1.0,2.45
Tân Phú,94.0,360.0,4.0,4.0,14.9
6,96.0,96.0,5.0,5.0,12.5
6,96.0,380.0,5.0,4.0,31.0
Bình Thạnh,71.0,280.0,6.0,6.0,14.0
12,30.0,59.0,2.0,2.0,1.849
8,27.0,24.0,1.0,1.0,2.049
9,94.0,105.0,4.0,3.0,7.5
1,128.0,256.0,2.0,2.0,32.0
2,106.0,106.0,3.0,2.0,2.69
2,350.0,300.0,4.0,4.0,64.0
7,168.0,400.0,6.0,6.0,17.2
Tân Phú,64.0,180.0,4.0,4.0,8.0
9,50.0,110.0,3.0,3.0,4.5
Bình Tân,48.0,76.0,4.0,2.0,4.55
Bình Tân,100.0,100.0,2.0,1.0,6.6
9,70.4,70.0,2.0,1.0,4.8
12,88.0,88.0,4.0,6.0,7.75
1,50.0,200.0,4.0,5.0,12.9
Tân Phú,160.0,480.0,6.0,6.0,19.3
2,36.0,66.0,2.0,2.0,4.1
1,45.0,120.0,4.0,4.0,9.5
9,63.5,127.0,3.0,3.0,1.05
1,135.0,135.0,2.0,2.0,43.0
Phú Nhuận,73.0,200.0,3.0,3.0,9.0
Bình Thạnh,53.0,150.0,4.0,3.0,7.2
Tân Phú,40.0,80.0,2.0,2.0,5.699
Bình Thạnh,80.0,240.0,4.0,4.0,12.8
Bình Thạnh,22.0,45.0,3.0,2.0,2.78
Tân Bình,204.0,1800.0,9.0,9.0,87.0
1,76.0,255.0,4.0,3.0,85.0
Thủ Đức (TP. Thủ Đức),36.0,36.0,2.0,1.0,3.45
6,48.0,130.0,3.0,3.0,6.2
Tân Phú,60.0,300.0,5.0,6.0,9.89
11,38.0,40.0,7.0,7.0,8.8
8,100.0,400.0,4.0,4.0,9.5
Thủ Đức (TP. Thủ Đức),55.0,150.0,4.0,3.0,4.9
12,72.0,72.0,4.0,5.0,8.7
4,122.0,122.0,3.0,3.0,3.299
Tân Bình,118.3,200.0,2.0,2.0,17.5
1,35.0,70.0,3.0,2.0,5.0
9,60.0,60.0,4.0,5.0,8.85
Tân Phú,165.0,500.0,8.0,6.0,33.5
Tân Phú,80.0,120.0,3.0,2.0,16.5
Gò Vấp,36.0,108.0,2.0,3.0,3.7
Bình Thạnh,73.0,292.0,5.0,6.0,14.5
3,121.0,847.0,5.0,6.0,45.0
5,50.0,200.0,4.0,5.0,10.8
Bình Tân,63.0,179.0,6.0,5.0,6.789
1,40.0,100.0,2.0,3.0,8.5
7,105.0,200.0,6.0,6.0,8.9
1,80.0,80.0,2.0,2.0,11.0
1,25.0,75.0,2.0,2.0,2.19
Bình Thạnh,53.0,53.0,3.0,2.0,4.7
11,32.0,96.0,4.0,3.0,8.6
Gò Vấp,220.0,440.0,4.0,4.0,22.3
2,108.0,480.0,4.0,5.0,22.0
7,68.0,68.0,2.0,2.0,5.48
Tân Bình,278.0,278.0,9.0,8.0,68.0
Phú Nhuận,13.0,40.0,2.0,2.0,2.7
4,61.0,61.0,1.0,1.0,2.699
7,40.0,40.0,2.0,3.0,5.8
10,135.0,270.0,2.0,2.0,41.5
Bình Thạnh,192.8,192.8,2.0,3.0,26.5
8,65.0,130.0,3.0,3.0,1.23
4,68.0,68.0,3.0,2.0,1.1
8,66.0,132.0,2.0,2.0,5.2
3,533.0,2000.0,10.0,10.0,350.0
11,60.0,120.0,3.0,3.0,0.815
Phú Nhuận,68.0,221.0,3.0,4.0,26.5
12,48.0,48.0,1.0,1.0,4.2
4,55.0,110.0,2.0,2.0,0.93
2,119.0,350.0,4.0,5.0,31.5
4,105.0,105.0,3.0,2.0,2.35
Phú Nhuận,54.0,250.0,5.0,5.0,11.9
1,64.0,64.0,5.0,5.0,34.0
Bình Thạnh,52.0,100.0,2.0,2.0,6.8
8,58.0,58.0,3.0,3.0,0.975
4,56.0,56.0,3.0,3.0,2.59
7,90.0,360.0,3.0,5.0,18.6
8,63.0,130.0,3.0,3.0,0.95
Tân Bình,173.0,173.0,1.0,1.0,35.0
Tân Phú,66.0,264.0,4.0,4.0,9.2
7,70.0,100.0,2.0,2.0,7.0
11,55.0,150.0,4.0,4.0,8.3
11,71.0,252.0,6.0,6.0,9.8
Phú Nhuận,50.0,150.0,3.0,3.0,6.2
1,167.0,167.0,1.0,1.0,175.0
Tân Phú,13.0,25.0,2.0,1.0,1.6800000000000002
3,125.0,861.0,3.0,3.0,85.0
11,56.0,168.0,4.0,3.0,0.941
Bình Tân,80.0,230.0,5.0,5.0,11.7
7,60.0,180.0,4.0,5.0,6.45
Tân Phú,75.0,150.0,3.0,2.0,8.999
7,88.0,240.0,4.0,4.0,16.5
2,127.0,127.0,3.0,2.0,18.0
4,45.0,45.0,2.0,2.0,2.9
4,66.6,148.8,3.0,4.0,8.5
1,135.0,130.0,4.0,4.0,35.0
11,56.0,220.0,4.0,4.0,9.0
4,59.0,118.0,3.0,3.0,1.279
7,60.0,180.0,3.0,4.0,6.79
7,115.0,187.0,2.0,3.0,8.1
Bình Tân,64.0,226.0,5.0,6.0,9.3
Thủ Đức (TP. Thủ Đức),60.0,60.0,3.0,2.0,3.6
9,44.0,59.0,3.0,2.0,4.3
5,80.0,80.0,4.0,5.0,3.35
Tân Phú,100.0,450.0,6.0,6.0,14.8
6,48.0,192.0,3.0,3.0,10.5
Tân Phú,30.0,49.0,2.0,1.0,3.679
9,113.0,113.0,10.0,10.0,11.99
12,54.0,54.0,4.0,5.0,6.45
Tân Phú,48.0,218.0,6.0,4.0,12.2
Tân Phú,136.0,136.0,2.0,2.0,15.5
Tân Phú,51.0,96.0,3.0,2.0,5.15
4,55.0,110.0,3.0,2.0,0.93
Thủ Đức (TP. Thủ Đức),64.0,64.0,3.0,2.0,4.2
4,72.0,72.0,2.0,1.0,3.7
10,51.0,100.0,2.0,2.0,11.79
Thủ Đức (TP. Thủ Đức),73.0,73.0,2.0,3.0,7.8
4,111.0,111.0,3.0,2.0,7.3
10,45.0,120.0,3.0,3.0,9.0
7,60.0,180.0,4.0,3.0,5.2
Tân Phú,156.0,486.0,7.0,7.0,22.8
5,48.0,90.0,2.0,2.0,6.3
1,277.0,277.0,1.0,1.0,114.999
1,50.0,150.0,3.0,3.0,0.06
5,50.0,50.0,5.0,6.0,24.5
2,60.0,60.0,2.0,1.0,2.03
11,50.0,100.0,2.0,2.0,12.8
11,86.0,450.0,5.0,6.0,28.0
5,38.0,210.0,5.0,6.0,16.99
5,90.0,180.0,3.0,2.0,31.0
5,60.0,180.0,4.0,3.0,12.49
Bình Tân,30.0,50.0,2.0,2.0,1.85
2,76.0,185.0,4.0,5.0,25.0
2,312.5,889.4,6.0,7.0,170.0
8,149.0,420.0,5.0,5.0,11.5
3,378.0,378.0,1.0,1.0,105.0
Bình Tân,100.0,285.0,4.0,5.0,14.5
7,72.5,280.0,4.0,5.0,13.5
6,86.0,86.0,5.0,3.0,9.5
Tân Phú,55.0,110.0,3.0,2.0,2.45
7,110.0,198.0,4.0,5.0,18.0
2,69.0,69.0,2.0,1.0,2.47
9,130.0,130.0,3.0,2.0,7.0
Bình Tân,56.0,56.0,2.0,2.0,5.85
1,100.0,500.0,5.0,4.0,50.0
11,50.0,268.0,5.0,6.0,12.0
10,171.0,499.0,4.0,4.0,32.0
2,76.0,228.0,4.0,4.0,42.0
5,40.0,70.0,2.0,2.0,2.19
6,100.0,450.0,8.0,8.0,24.5
Tân Bình,150.0,900.0,6.0,6.0,40.0
Tân Phú,87.0,87.0,4.0,4.0,12.9
11,75.0,350.0,6.0,4.0,24.0
11,75.0,75.0,4.0,4.0,3.15
Tân Bình,240.0,720.0,3.0,3.0,99.0
8,178.0,350.0,4.0,2.0,11.1
5,24.0,60.0,2.0,2.0,4.95
5,208.0,400.0,6.0,7.0,35.0
Bình Tân,60.0,60.0,5.0,5.0,7.0
10,90.0,250.0,2.0,2.0,35.0
1,68.0,272.0,4.0,4.0,33.0
Phú Nhuận,16.0,50.0,2.0,3.0,2.79
8,68.0,136.0,3.0,3.0,1.56
11,27.0,27.0,2.0,2.0,3.98
9,61.0,62.0,4.0,4.0,5.0
6,68.0,250.0,4.0,5.0,11.2
Tân Bình,45.0,135.0,4.0,3.0,7.5
Phú Nhuận,71.0,300.0,9.0,9.0,8.8
7,55.0,220.0,5.0,5.0,11.0
5,80.0,350.0,4.0,4.0,17.0
1,116.0,570.0,5.0,5.0,68.0
2,120.0,120.0,3.0,2.0,36.0
Thủ Đức (TP. Thủ Đức),65.0,65.0,4.0,5.0,7.0
3,476.0,550.0,3.0,3.0,310.0
12,95.0,95.0,1.0,1.0,13.0
11,96.0,240.0,10.0,10.0,9.6
4,54.0,107.0,2.0,3.0,1.169
5,63.0,126.0,3.0,3.0,1.83
Tân Bình,426.0,94.0,5.0,5.0,38.0
12,99.0,99.0,4.0,3.0,5.99
6,156.0,728.3,6.0,6.0,35.0
9,123.0,413.0,5.0,5.0,17.5
Bình Thạnh,18.0,40.0,2.0,2.0,3.25
2,85.0,85.0,2.0,2.0,2.72
Bình Tân,37.0,111.0,4.0,3.0,4.949
7,110.0,300.0,6.0,7.0,12.5
9,212.0,281.0,3.0,1.0,12.0
6,70.0,120.0,4.0,2.0,6.5
Tân Phú,200.0,200.0,1.0,1.0,25.0
2,225.0,1800.0,8.0,7.0,100.0
2,130.0,390.0,10.0,10.0,33.0
Tân Bình,60.0,60.0,6.0,6.0,12.49
6,80.0,80.0,5.0,5.0,8.8
5,60.0,120.0,3.0,3.0,1.25
5,35.0,140.0,3.0,3.0,5.2
Tân Phú,90.0,90.0,5.0,5.0,16.8
11,62.0,186.0,3.0,2.0,1.3
4,80.0,80.0,2.0,2.0,4.7
6,90.0,320.0,6.0,7.0,16.5
Tân Bình,48.0,220.0,5.0,4.0,10.8
Tân Phú,70.0,280.0,4.0,4.0,15.6
9,68.0,68.0,2.0,2.0,4.5
1,85.0,85.0,1.0,1.0,25.0
10,260.0,300.0,8.0,8.0,68.0
9,50.0,99.0,3.0,3.0,4.5
6,126.0,212.0,5.0,5.0,16.8
11,38.0,79.0,4.0,3.0,4.7
7,170.0,170.0,4.0,3.0,21.0
9,65.0,65.0,3.0,3.0,4.5
Phú Nhuận,41.0,100.0,3.0,3.0,7.38
Gò Vấp,72.0,199.0,4.0,4.0,7.399
Tân Bình,270.0,417.0,2.0,3.0,49.0
5,130.0,200.0,2.0,2.0,18.0
1,76.0,380.0,5.0,5.0,30.0
5,58.0,116.0,3.0,3.0,0.97
12,80.0,320.0,4.0,6.0,7.3
Tân Phú,70.0,250.0,4.0,4.0,7.9
9,119.0,290.0,3.0,4.0,13.9
3,180.0,427.0,3.0,4.0,43.0
Tân Bình,200.0,1400.0,7.0,7.0,55.0
Tân Phú,60.0,180.0,3.0,3.0,5.2
Phú Nhuận,91.0,283.0,3.0,3.0,33.0
12,135.0,135.0,1.0,1.0,8.7
Gò Vấp,150.0,300.0,4.0,3.0,22.5
5,58.0,116.0,3.0,3.0,0.98
Thủ Đức (TP. Thủ Đức),57.0,70.0,3.0,3.0,4.9
12,90.0,90.0,3.0,1.0,4.95
9,50.1,130.0,3.0,4.0,3.99
7,106.0,300.0,5.0,6.0,22.0
10,154.0,814.0,4.0,4.0,80.0
5,64.0,64.0,4.0,3.0,0.98
12,30.0,60.0,2.0,2.0,1.85
4,80.0,80.0,2.0,2.0,5.4
10,112.0,200.0,3.0,2.0,20.5
1,14.0,27.0,2.0,1.0,2.9
Bình Tân,48.0,96.0,3.0,2.0,3.35
8,60.0,150.0,4.0,4.0,4.3
Gò Vấp,41.0,80.0,3.0,3.0,4.0
9,60.0,60.0,5.0,4.0,5.3
7,73.0,73.0,9.0,5.0,6.8
Tân Bình,187.0,1000.0,7.0,7.0,37.0
6,60.0,200.0,4.0,3.0,9.1
10,62.0,100.0,3.0,3.0,8.5
Phú Nhuận,41.0,80.0,2.0,2.0,5.8
1,54.0,300.0,8.0,8.0,30.0
Gò Vấp,88.0,325.0,5.0,8.0,16.5
7,221.0,500.0,5.0,6.0,19.6
3,75.0,249.0,3.0,4.0,25.0
5,70.0,70.0,4.0,5.0,2.9
8,110.0,500.0,5.0,6.0,12.2
6,37.0,150.0,5.0,4.0,8.9
11,60.0,60.0,5.0,4.0,12.7
9,88.0,100.0,3.0,3.0,7.0
12,113.4,113.4,2.0,1.0,11.8
3,90.0,148.0,2.0,2.0,43.0
12,157.0,157.0,1.0,1.0,12.5
2,100.0,400.0,5.0,5.0,16.0
1,128.0,1024.0,7.0,8.0,250.0
Tân Phú,70.0,210.0,4.0,4.0,13.499
4,88.0,160.0,3.0,2.0,8.2
Gò Vấp,140.0,280.0,8.0,8.0,17.0
Tân Phú,70.0,240.0,4.0,6.0,11.0
Bình Tân,190.0,190.0,4.0,6.0,17.5
Tân Phú,75.0,130.0,2.0,2.0,7.9
11,48.0,132.0,4.0,3.0,8.5
10,70.0,140.0,2.0,2.0,19.0
5,57.0,57.0,4.0,4.0,9.2
1,168.0,213.0,2.0,2.0,68.0
Bình Thạnh,44.0,80.0,3.0,2.0,4.599
1,73.0,160.0,2.0,2.0,28.0
1,30.0,30.0,2.0,2.0,9.5
12,82.0,82.0,3.0,2.0,5.85
Phú Nhuận,22.0,66.0,3.0,3.0,1.8
9,77.0,76.0,4.0,4.0,7.4
12,77.0,77.0,4.0,3.0,8.19
10,214.0,1284.0,5.0,5.0,58.0
Phú Nhuận,120.0,480.0,4.0,3.0,38.0
Tân Phú,56.0,56.0,3.0,2.0,5.98
10,250.0,1100.0,3.0,3.0,145.0
1,120.0,480.0,4.0,4.0,112.0
10,255.0,647.0,5.0,5.0,110.0
8,58.5,58.5,2.0,2.0,2.85
4,80.0,80.0,2.0,2.0,6.5
10,72.0,300.0,7.0,8.0,21.0
Bình Thạnh,71.0,200.0,4.0,5.0,6.7
12,60.0,60.0,3.0,2.0,3.99
6,78.0,196.0,4.0,4.0,16.0
9,83.0,83.0,3.0,2.0,7.35
5,80.0,450.0,9.0,10.0,31.0
6,84.0,84.0,4.0,4.0,16.2
Bình Tân,76.0,76.0,6.0,6.0,7.75
11,70.0,140.0,3.0,2.0,0.99
3,68.0,272.0,4.0,4.0,20.0
5,243.6,475.1,4.0,4.0,130.0
Phú Nhuận,112.0,650.0,7.0,7.0,42.0
4,71.0,71.0,2.0,2.0,1.97
11,76.0,76.0,4.0,3.0,4.25
Phú Nhuận,100.0,100.0,3.0,4.0,34.0
8,58.0,58.0,4.0,4.0,2.3
9,102.0,102.0,3.0,3.0,6.89
8,78.0,78.0,6.0,6.0,5.9
Bình Tân,40.0,79.0,2.0,2.0,4.749
6,200.0,400.0,4.0,4.0,75.0
12,60.0,200.0,7.0,6.0,6.45
Bình Thạnh,61.0,61.0,1.0,1.0,7.2
8,150.0,150.0,3.0,3.0,10.0
1,30.0,30.0,1.0,1.0,0.007
11,202.0,202.0,5.0,5.0,140.0
11,65.0,325.0,5.0,5.0,27.0
5,93.5,334.0,5.0,5.0,80.0
11,60.0,296.0,6.0,6.0,13.5
9,92.0,92.0,2.0,1.0,4.5
6,60.0,196.0,4.0,4.0,12.5
Phú Nhuận,91.0,93.0,3.0,3.0,60.0
Bình Thạnh,220.0,220.0,1.0,1.0,54.0
1,68.0,68.0,7.0,7.0,68.0
11,32.0,120.0,6.0,4.0,6.55
Thủ Đức (TP. Thủ Đức),105.0,119.0,2.0,1.0,6.0
6,35.0,100.0,1.0,3.0,4.199
10,64.0,256.0,4.0,4.0,37.0
Bình Tân,190.0,190.0,4.0,6.0,17.5
4,60.6,111.0,3.0,3.0,1.35
7,60.0,200.0,5.0,5.0,12.0
9,206.0,206.0,3.0,1.0,7.89
9,116.0,400.0,4.0,5.0,20.0
9,68.0,68.0,4.0,3.0,5.4
11,65.0,185.0,7.0,7.0,8.3
Tân Phú,59.0,120.0,2.0,2.0,6.599
9,52.0,123.0,3.0,3.0,4.85
9,90.0,90.0,4.0,4.0,4.8
1,225.0,545.0,6.0,6.0,200.0
1,80.0,300.0,6.0,7.0,62.0
10,40.0,120.0,3.0,2.0,7.8
11,60.0,180.0,4.0,3.0,1.15
4,95.0,95.0,3.0,2.0,2.7
7,130.0,200.0,9.0,9.0,10.3
10,85.0,400.0,6.0,5.0,28.0
9,53.2,122.2,4.0,3.0,4.8
Tân Bình,139.0,758.0,6.0,6.0,48.0
1,87.0,87.0,4.0,4.0,36.0
7,79.0,150.0,2.0,2.0,9.8
10,150.0,600.0,5.0,6.0,43.0
7,81.0,206.0,4.0,6.0,20.0
Bình Tân,31.0,50.0,2.0,1.0,2.5
9,66.0,66.0,3.0,4.0,8.79
1,66.0,221.0,2.0,2.0,40.0
Phú Nhuận,80.0,80.0,4.0,5.0,13.4
3,58.0,256.0,4.0,5.0,21.0
10,43.0,130.0,3.0,3.0,9.1
2,86.0,86.0,2.0,2.0,3.57
Tân Phú,156.0,156.0,5.0,5.0,19.5
Tân Bình,210.0,800.0,5.0,5.0,74.0
12,72.0,72.0,3.0,2.0,5.36
8,58.0,116.0,3.0,3.0,1.87
6,91.0,91.0,3.0,1.0,14.0
9,63.0,126.0,3.0,3.0,0.85
10,54.3,150.0,3.0,3.0,3.45
Tân Phú,58.0,130.0,4.0,3.0,8.2
12,216.0,450.0,7.0,5.0,19.0
Thủ Đức (TP. Thủ Đức),119.0,119.0,6.0,7.0,16.0
7,102.0,140.0,2.0,2.0,15.0
2,113.0,113.0,3.0,3.0,9.0
8,80.0,80.0,3.0,3.0,7.0
Tân Phú,128.0,306.0,4.0,4.0,44.999
11,62.0,104.0,3.0,3.0,1.87
12,45.0,90.0,2.0,2.0,1.38
8,64.0,128.0,3.0,2.0,0.81
10,54.0,145.0,4.0,3.0,5.49
2,120.0,120.0,3.0,2.0,12.0
Tân Bình,64.0,260.0,6.0,5.0,11.0
11,57.0,114.0,3.0,3.0,1.15
4,105.0,105.0,3.0,2.0,4.3
5,33.0,135.0,3.0,3.0,18.5
12,52.0,52.0,4.0,4.0,5.7
11,32.0,32.0,2.0,1.0,8.0
2,339.9,600.0,4.0,4.0,80.0
10,44.0,44.0,2.0,2.0,7.1
10,89.0,89.0,1.0,1.0,17.0
8,59.0,118.0,2.0,2.0,0.895
2,113.0,113.0,3.0,2.0,15.5
4,92.0,92.0,2.0,2.0,4.5
11,40.0,160.0,4.0,3.0,8.3
Tân Bình,224.0,458.0,2.0,2.0,70.0
4,80.0,80.0,5.0,5.0,4.9
11,60.0,199.0,6.0,4.0,7.6
1,51.0,155.0,4.0,4.0,58.0
4,92.0,92.0,3.0,2.0,3.8
2,129.0,129.0,3.0,2.0,21.0
4,58.8,58.8,3.0,2.0,2.2
1,115.0,400.0,5.0,5.0,72.999
Thủ Đức (TP. Thủ Đức),60.0,150.0,4.0,6.0,6.6
7,76.0,76.0,3.0,2.0,8.2
12,169.0,169.0,1.0,1.0,12.2
Tân Bình,60.0,60.0,5.0,5.0,8.9
9,58.6,118.0,3.0,3.0,4.3
8,53.6,53.6,2.0,2.0,1.8
1,200.0,1200.0,6.0,6.0,115.0
Gò Vấp,42.0,150.0,4.0,3.0,6.2
5,70.0,70.0,2.0,2.0,3.4
2,287.8,512.5,5.0,5.0,119.0
8,134.0,134.0,3.0,1.0,11.2
Bình Thạnh,68.0,68.0,4.0,3.0,6.68
5,82.0,82.0,3.0,3.0,8.5
11,12.0,12.0,1.0,1.0,1.39
Bình Tân,100.0,270.0,4.0,5.0,13.5
8,75.0,75.0,3.0,4.0,7.5
1,88.0,88.0,1.0,1.0,43.0
4,28.0,28.0,1.0,1.0,2.0
10,154.0,360.0,5.0,5.0,60.0
10,72.0,72.0,2.0,2.0,5.5
Bình Tân,60.0,60.0,3.0,2.0,5.8
9,60.4,210.0,4.0,5.0,6.1
4,44.0,84.0,2.0,2.0,13.1
9,59.0,59.0,2.0,1.0,1.58
6,82.0,196.0,4.0,4.0,14.8
5,30.0,150.0,3.0,3.0,5.6
Bình Tân,43.0,43.0,5.0,6.0,7.3
2,113.0,113.0,3.0,2.0,12.9
6,64.0,113.2,4.0,2.0,5.8
Bình Tân,80.0,240.0,6.0,6.0,7.35
2,77.0,230.0,6.0,3.0,50.0
Tân Bình,93.0,372.0,8.0,8.0,13.5
6,82.0,82.0,2.0,1.0,13.5
Tân Bình,63.0,189.0,6.0,7.0,14.9
1,132.0,264.0,6.0,6.0,100.0
Phú Nhuận,43.0,86.0,3.0,2.0,2.45
Bình Tân,30.0,60.0,2.0,2.0,2.9
Bình Thạnh,32.0,95.0,3.0,2.0,4.95
8,90.0,270.0,5.0,3.0,4.2
8,240.0,240.0,6.0,5.0,45.0
1,224.0,420.0,4.0,4.0,150.0
9,100.0,200.0,4.0,3.0,16.0
Bình Thạnh,51.0,150.0,3.0,3.0,5.8
1,121.0,121.0,3.0,2.0,11.26
Thủ Đức (TP. Thủ Đức),443.0,1800.0,5.0,6.0,87.0
11,66.0,66.0,3.0,3.0,9.1
1,319.0,638.0,2.0,2.0,100.0
12,72.0,72.0,2.0,2.0,3.15
11,54.0,54.0,6.0,5.0,9.7
9,70.0,70.0,4.0,4.0,4.2
7,95.0,380.0,4.0,5.0,15.99
Gò Vấp,377.0,420.0,3.0,2.0,58.0
8,60.0,120.0,3.0,3.0,1.22
Thủ Đức (TP. Thủ Đức),105.0,105.0,7.0,7.0,5.2
Bình Tân,76.0,76.0,3.0,2.0,6.4
Bình Thạnh,27.0,54.0,3.0,3.0,4.45
Gò Vấp,144.0,530.0,4.0,6.0,25.0
4,50.0,150.0,4.0,3.0,0.916
9,80.0,80.0,4.0,3.0,4.5
8,106.2,400.0,4.0,5.0,14.7
1,70.0,300.0,5.0,5.0,14.5
12,127.0,127.0,3.0,2.0,11.9
Tân Bình,100.0,100.0,4.0,4.0,16.5
6,80.0,80.0,5.0,4.0,13.0
Tân Phú,150.0,380.0,5.0,5.0,17.9
2,142.0,142.0,3.0,3.0,19.0
Bình Tân,100.0,100.0,2.0,1.0,6.6
1,765.0,765.0,7.0,6.0,99.0
11,56.0,210.0,4.0,3.0,12.0
11,27.0,27.0,4.0,4.0,7.6
4,83.0,83.0,3.0,2.0,8.5
Phú Nhuận,32.0,110.0,5.0,4.0,6.3
1,144.0,40.0,3.0,4.0,84.0
11,38.0,76.0,1.0,2.0,5.0
6,84.0,84.0,2.0,2.0,13.5
9,64.0,192.0,4.0,3.0,0.98
11,64.0,64.0,4.0,5.0,10.8
Tân Phú,150.0,300.0,4.0,2.0,20.3
Tân Phú,60.0,240.0,4.0,4.0,8.5
11,56.0,112.0,2.0,2.0,5.6
4,81.0,81.0,2.0,2.0,1.835
8,66.0,68.0,2.0,3.0,6.7
1,105.0,105.0,7.0,7.0,107.0
Tân Bình,70.0,240.0,4.0,5.0,11.999
Tân Phú,243.0,243.0,2.0,2.0,30.0
Tân Bình,105.0,1080.0,7.0,7.0,26.0
Tân Phú,45.0,45.0,3.0,3.0,3.199
9,77.0,77.0,2.0,2.0,5.8
12,147.0,280.0,7.0,7.0,9.8
1,160.0,960.0,6.0,6.0,40.0
5,83.0,83.0,5.0,2.0,2.69
8,80.0,350.0,5.0,5.0,5.7
6,44.0,140.0,4.0,3.0,5.9
6,79.0,140.0,4.0,4.0,5.2
5,24.0,48.0,2.0,2.0,1.8
7,80.0,200.0,3.0,3.0,14.5
Gò Vấp,73.0,231.0,4.0,4.0,12.7
Phú Nhuận,144.0,144.0,5.0,5.0,31.0
Bình Thạnh,68.0,250.0,5.0,6.0,16.0
3,237.0,450.0,1.0,1.0,60.0
11,67.5,67.5,2.0,2.0,3.24
7,170.0,170.0,4.0,3.0,21.0
4,114.0,114.0,3.0,2.0,11.1
4,84.0,84.0,2.0,2.0,1.46
4,87.0,87.0,2.0,2.0,1.85
Bình Thạnh,45.0,270.0,6.0,6.0,13.0
4,81.0,81.0,2.0,2.0,4.3
2,127.0,127.0,3.0,2.0,25.0
Gò Vấp,60.0,238.0,4.0,6.0,8.9
Thủ Đức (TP. Thủ Đức),36.0,72.0,2.0,2.0,3.4
6,78.0,196.0,4.0,4.0,16.0
Thủ Đức (TP. Thủ Đức),156.0,156.0,3.0,4.0,5.5
4,50.0,150.0,4.0,3.0,1.15
11,40.0,158.0,7.0,7.0,8.8
6,177.0,1000.0,8.0,9.0,28.6
Phú Nhuận,45.0,90.0,2.0,3.0,10.5
6,80.0,80.0,6.0,6.0,14.5
2,60.0,60.0,2.0,1.0,2.55
7,70.12,70.12,3.0,2.0,5.63
Phú Nhuận,128.0,739.0,5.0,5.0,82.0
1,35.0,120.0,5.0,5.0,0.007
12,110.0,110.0,8.0,9.0,17.0
6,74.0,360.0,6.0,6.0,11.0
12,63.0,63.0,4.0,5.0,6.85
12,52.0,52.0,4.0,6.0,7.45
6,68.0,68.0,4.0,4.0,10.0
Tân Phú,100.0,299.0,6.0,4.0,12.0
12,160.0,160.0,10.0,10.0,11.5
Phú Nhuận,70.0,350.0,5.0,5.0,18.0
10,100.0,500.0,4.0,5.0,25.999
9,139.0,150.0,5.0,4.0,16.5
6,80.0,300.0,4.0,5.0,12.0
11,305.0,305.0,8.0,8.0,180.0
Tân Phú,80.0,200.0,4.0,4.0,9.5
1,80.0,80.0,3.0,2.0,0.04
4,57.0,57.0,1.0,1.0,3.8
12,55.0,55.0,4.0,5.0,6.65
Bình Thạnh,48.0,99.0,2.0,2.0,4.5
Phú Nhuận,60.0,174.0,4.0,5.0,10.0
7,76.0,76.0,4.0,4.0,6.5
Bình Tân,63.0,99.0,2.0,3.0,5.399
9,90.0,90.0,4.0,5.0,8.5
4,67.0,134.0,3.0,3.0,0.98
8,96.0,384.0,5.0,5.0,18.0
9,205.0,205.0,2.0,1.0,19.99
Tân Phú,90.0,90.0,2.0,2.0,11.99
1,135.0,135.0,2.0,2.0,43.0
1,225.0,552.0,5.0,5.0,330.0
4,32.0,160.0,6.0,2.0,3.85
1,40.0,200.0,6.0,6.0,15.0
4,117.0,117.0,3.0,2.0,7.2
10,100.0,500.0,4.0,5.0,32.0
2,140.0,500.0,4.0,4.0,104.999
9,100.0,278.0,5.0,5.0,11.5
Tân Bình,100.0,310.0,4.0,6.0,23.0
3,171.0,700.0,5.0,6.0,39.999
5,36.0,130.0,8.0,10.0,11.0
10,30.0,60.0,3.0,2.0,2.29
11,686.0,1350.0,4.0,2.0,102.0
Tân Phú,65.0,65.0,6.0,6.0,12.6
Phú Nhuận,164.0,1640.0,9.0,10.0,70.0
5,48.0,200.0,6.0,5.0,15.5
11,60.0,120.0,3.0,3.0,1.15
Thủ Đức (TP. Thủ Đức),104.0,104.0,2.0,2.0,6.0
7,138.0,310.0,4.0,5.0,15.9
11,46.0,46.0,1.0,1.0,6.35
2,95.0,237.0,4.0,4.0,12.5
8,150.0,400.0,5.0,3.0,11.5
11,45.0,100.0,3.0,3.0,8.0
Bình Tân,80.0,80.0,4.0,5.0,7.1
7,114.0,114.0,3.0,2.0,8.5
10,30.0,30.0,3.0,4.0,7.0
Phú Nhuận,144.0,500.0,5.0,4.0,49.999
Tân Phú,27.0,54.0,2.0,2.0,3.4
12,104.0,104.0,4.0,2.0,2.1
2,105.0,396.0,5.0,5.0,30.0
Phú Nhuận,49.0,200.0,7.0,7.0,10.5
5,457.0,457.0,3.0,4.0,182.0
11,81.0,300.0,6.0,7.0,15.0
11,25.0,50.0,2.0,2.0,6.2
5,50.0,150.0,3.0,3.0,23.0
4,100.0,100.0,3.0,2.0,5.75
6,64.0,120.0,2.0,2.0,8.2
Thủ Đức (TP. Thủ Đức),57.1,57.1,2.0,1.0,4.3
Tân Bình,26.0,72.0,2.0,3.0,4.87
2,119.0,357.0,5.0,6.0,31.0
2,142.0,142.0,3.0,3.0,19.0
7,90.0,270.0,4.0,4.0,13.3
11,35.0,35.0,3.0,4.0,7.9
3,140.0,423.5,4.0,4.0,90.0
Bình Tân,64.0,62.0,4.0,4.0,7.8
Phú Nhuận,216.0,210.0,2.0,2.0,52.0
7,109.0,200.0,5.0,5.0,8.9
Phú Nhuận,98.0,150.0,4.0,4.0,17.8
11,60.0,120.0,3.0,2.0,0.715
7,111.0,280.0,4.0,4.0,26.5
1,105.0,105.0,3.0,2.0,12.45
Gò Vấp,170.0,276.0,4.0,2.0,16.7
9,80.0,80.0,3.0,2.0,5.8
11,60.0,120.0,3.0,2.0,1.12
3,112.0,448.0,4.0,4.0,37.0
11,36.0,96.0,3.0,3.0,6.2
4,117.0,117.0,3.0,2.0,7.5
Phú Nhuận,253.0,253.0,1.0,1.0,99.0
Tân Phú,77.0,150.0,5.0,3.0,8.5
Phú Nhuận,336.0,449.0,3.0,3.0,87.0
9,250.0,250.0,2.0,1.0,26.99
1,121.0,840.0,7.0,7.0,79.0
12,1000.0,1000.0,1.0,1.0,45.0
10,105.0,399.0,5.0,5.0,26.0
5,60.0,120.0,2.0,2.0,10.9
Tân Bình,230.0,282.0,2.0,3.0,28.0
3,210.0,210.0,7.0,7.0,250.0
2,700.0,700.0,5.0,5.0,41.0
Thủ Đức (TP. Thủ Đức),240.0,100.0,1.0,1.0,11.8
11,61.0,261.0,5.0,5.0,23.0
2,88.0,88.0,2.0,1.0,8.8
5,86.0,156.0,2.0,2.0,24.9
11,31.0,94.0,5.0,3.0,6.555
3,408.0,514.0,2.0,3.0,350.0
4,52.0,200.0,5.0,6.0,8.4
2,135.0,135.0,3.0,2.0,20.0
11,83.0,300.0,5.0,5.0,17.5
8,62.0,124.0,2.0,2.0,1.1
11,60.0,120.0,3.0,2.0,0.99
11,38.0,160.0,3.0,4.0,5.99
Thủ Đức (TP. Thủ Đức),87.0,205.0,3.0,4.0,7.3
Thủ Đức (TP. Thủ Đức),113.0,113.0,3.0,1.0,8.7
1,206.0,300.0,1.0,1.0,50.0
3,513.0,1100.0,6.0,6.0,400.0
8,1000.0,2000.0,4.0,5.0,78.0
4,62.0,124.0,3.0,3.0,1.95
Tân Phú,130.0,392.0,5.0,6.0,9.999
Thủ Đức (TP. Thủ Đức),85.0,85.0,5.0,5.0,7.2
11,21.0,21.0,2.0,2.0,2.6
10,76.0,152.0,2.0,1.0,24.0
Tân Phú,157.0,320.0,5.0,4.0,14.5
6,91.0,91.0,2.0,2.0,15.8
Bình Tân,67.0,67.0,4.0,4.0,6.6
Tân Phú,280.0,800.0,8.0,8.0,57.9
Bình Thạnh,50.0,200.0,4.0,5.0,9.5
Tân Bình,288.0,288.0,4.0,4.0,48.0
8,30.0,30.0,2.0,2.0,2.155
Gò Vấp,41.0,80.0,3.0,3.0,4.0
10,75.0,75.0,5.0,5.0,14.0
8,75.0,190.0,2.0,2.0,2.15
Gò Vấp,43.0,87.0,3.0,2.0,5.1
11,56.0,245.0,10.0,10.0,9.7
4,80.64,80.64,2.0,2.0,1.388
4,61.0,61.0,2.0,1.0,3.7
9,50.0,99.0,3.0,3.0,4.1
3,154.0,462.0,2.0,3.0,60.0
3,678.0,678.0,9.0,9.0,60.0
Tân Phú,82.0,220.0,4.0,3.0,10.3
11,64.0,256.0,4.0,4.0,10.0
8,54.0,52.0,4.0,3.0,4.85
9,213.0,213.0,7.0,8.0,19.8
4,105.0,105.0,3.0,2.0,4.3
9,65.0,130.0,3.0,4.0,1.29
Phú Nhuận,41.0,160.0,4.0,4.0,7.55
6,88.0,296.0,5.0,6.0,15.3
10,68.0,300.0,6.0,6.0,20.0
5,52.0,52.0,4.0,3.0,2.9
1,131.0,400.0,8.0,9.0,37.0
Tân Phú,80.0,320.0,5.0,6.0,8.9
6,88.0,450.0,6.0,7.0,12.9
2,120.0,120.0,3.0,2.0,9.5
11,62.0,62.0,4.0,5.0,2.4
3,87.0,87.0,4.0,4.0,65.0
10,120.0,120.0,4.0,4.0,36.5
Tân Phú,67.0,100.0,2.0,2.0,7.5
9,100.0,100.0,2.0,1.0,7.99
Thủ Đức (TP. Thủ Đức),40.0,40.0,2.0,2.0,4.9
1,80.0,320.0,1.0,1.0,19.7
Phú Nhuận,101.0,500.0,6.0,7.0,15.5
10,60.0,60.0,1.0,1.0,4.623
Bình Tân,44.0,44.0,4.0,3.0,6.0
10,61.0,122.0,3.0,2.0,3.45
10,107.0,500.0,8.0,4.0,29.0
4,64.0,128.0,3.0,3.0,0.855
2,142.0,142.0,3.0,3.0,19.0
Phú Nhuận,30.0,30.0,3.0,3.0,5.98
8,80.0,80.0,1.0,1.0,4.5
3,280.0,840.0,2.0,3.0,60.0
8,64.0,128.0,3.0,3.0,0.935
Phú Nhuận,54.0,161.0,4.0,5.0,19.8
5,60.0,120.0,3.0,3.0,0.95
1,169.0,300.0,2.0,2.0,54.999
Thủ Đức (TP. Thủ Đức),70.0,130.0,2.0,2.0,5.2
Bình Tân,48.0,48.0,4.0,3.0,4.9
11,90.0,90.0,3.0,4.0,4.5
9,88.0,88.0,5.0,4.0,4.3
6,98.0,450.0,8.0,6.0,23.8
Tân Bình,74.0,286.0,6.0,7.0,8.2
Bình Tân,120.0,335.0,5.0,6.0,27.0
10,60.0,60.0,5.0,5.0,10.3
4,58.0,116.0,3.0,3.0,1.029
7,88.0,88.0,3.0,2.0,5.99
5,63.0,126.0,3.0,3.0,1.1
Gò Vấp,100.0,357.0,5.0,6.0,19.0
4,105.0,350.0,5.0,5.0,17.0
Gò Vấp,63.0,250.0,5.0,4.0,8.9
Tân Phú,80.0,300.0,4.0,4.0,12.9
Bình Thạnh,60.0,240.0,6.0,7.0,13.5
7,153.0,200.0,4.0,5.0,12.99
6,68.0,68.0,6.0,5.0,12.6
6,39.0,39.0,1.0,1.0,3.5
3,126.4,500.3,8.0,8.0,78.0
4,82.5,82.5,3.0,2.0,3.5
Tân Bình,83.0,230.0,5.0,5.0,10.7
3,164.0,600.0,4.0,4.0,69.999
5,52.0,208.0,5.0,6.0,9.5
Phú Nhuận,152.0,900.0,7.0,7.0,65.0
Gò Vấp,84.0,220.0,3.0,4.0,13.8
7,131.0,131.0,4.0,4.0,8.7
6,42.0,64.0,2.0,2.0,3.7
Tân Bình,65.1,212.0,4.0,4.0,11.9
4,81.0,81.0,2.0,2.0,1.835
Thủ Đức (TP. Thủ Đức),60.0,50.0,4.0,4.0,6.5
7,60.0,180.0,4.0,5.0,12.5
Thủ Đức (TP. Thủ Đức),67.0,67.0,2.0,1.0,3.9
8,72.0,72.0,3.0,2.0,2.8
6,60.0,110.0,3.0,3.0,7.2
11,70.0,160.0,3.0,3.0,10.7
8,65.0,130.0,3.0,2.0,0.925
Thủ Đức (TP. Thủ Đức),139.0,139.0,4.0,4.0,9.2
6,68.0,196.0,4.0,4.0,12.0
8,62.0,120.0,3.0,3.0,1.15
6,68.0,298.0,8.0,9.0,14.0
1,42.0,84.0,3.0,2.0,7.2
1,94.0,112.0,3.0,3.0,83.0
Phú Nhuận,53.0,48.0,3.0,2.0,12.8
7,88.0,88.0,3.0,2.0,5.98
6,85.0,85.0,8.0,9.0,15.0
5,67.5,240.0,8.0,8.0,30.0
10,80.0,80.0,1.0,1.0,30.999
12,38.0,76.0,2.0,2.0,0.95
Bình Thạnh,50.0,200.0,4.0,5.0,9.5
Thủ Đức (TP. Thủ Đức),66.0,74.0,2.0,2.0,3.9
11,56.0,150.0,4.0,4.0,9.0
1,64.0,256.0,4.0,4.0,68.0
6,80.0,80.0,5.0,4.0,14.9
5,64.0,126.0,3.0,3.0,0.8
5,63.0,126.0,3.0,2.0,1.1
5,72.0,144.0,4.0,4.0,22.5
8,50.0,50.0,4.0,3.0,3.8
6,132.0,450.0,4.0,4.0,26.0
4,75.0,75.0,2.0,2.0,5.5
9,93.0,90.0,2.0,2.0,5.199
12,110.0,400.0,7.0,9.0,17.0
11,48.0,48.0,3.0,2.0,1.3
12,100.0,100.0,2.0,2.0,5.1
Tân Bình,76.0,456.0,6.0,6.0,25.0
10,29.0,50.0,2.0,2.0,6.456
7,175.0,300.0,3.0,4.0,24.0
5,74.0,74.0,4.0,4.0,16.9
5,36.0,36.0,4.0,4.0,11.5
9,64.0,64.0,3.0,3.0,1.31
Bình Tân,72.0,280.0,4.0,5.0,7.6
8,68.0,136.0,3.0,2.0,0.91
Thủ Đức (TP. Thủ Đức),36.0,36.0,2.0,2.0,3.4
Thủ Đức (TP. Thủ Đức),155.0,155.0,4.0,4.0,17.5
Tân Phú,41.0,120.0,3.0,2.0,3.0
4,81.0,81.0,2.0,2.0,3.9
2,100.0,100.0,2.0,2.0,6.75
Tân Phú,80.0,80.0,4.0,10.0,10.499
7,122.0,122.0,3.0,2.0,11.0
9,60.0,60.0,4.0,5.0,8.49
4,62.0,62.0,2.0,1.0,2.85
1,105.0,279.0,5.0,5.0,21.5
9,60.0,60.0,2.0,2.0,2.5
6,57.0,57.0,3.0,3.0,3.8
Phú Nhuận,155.0,620.0,4.0,4.0,41.0
Tân Phú,65.0,300.0,6.0,5.0,8.45
9,88.0,139.0,2.0,3.0,9.05
Tân Bình,100.0,240.0,6.0,5.0,15.5
10,64.0,64.0,6.0,7.0,14.5
6,58.0,58.0,4.0,3.0,8.0
7,59.5,100.0,2.0,2.0,9.5
2,1.0,1.0,2.0,2.0,4.12
4,135.0,135.0,4.0,2.0,8.5
8,59.0,118.0,2.0,2.0,0.73
4,100.0,100.0,3.0,2.0,9.2
Tân Phú,80.0,400.0,4.0,5.0,14.6
10,300.0,700.0,4.0,4.0,78.0
7,21.0,44.0,2.0,2.0,0.0
8,100.0,100.0,1.0,1.0,6.35
12,110.0,110.0,8.0,9.0,17.0
9,81.0,115.0,5.0,5.0,4.8
Tân Phú,55.0,149.0,4.0,3.0,5.585
11,65.0,180.0,3.0,3.0,8.5
8,63.0,126.0,3.0,3.0,0.82
6,100.0,600.0,5.0,6.0,30.0
Bình Thạnh,40.0,100.0,3.0,3.0,2.7
9,80.0,80.0,3.0,1.0,6.2
Tân Bình,300.0,600.0,4.0,4.0,61.0
7,52.0,52.0,2.0,2.0,7.1
12,20.0,60.0,2.0,3.0,0.769
Tân Phú,70.0,280.0,3.0,4.0,11.0
8,63.0,126.0,3.0,2.0,0.93
6,56.0,56.0,2.0,2.0,9.5
8,82.5,82.5,3.0,3.0,2.2
Phú Nhuận,56.0,56.0,5.0,5.0,9.3
Bình Tân,58.0,195.0,4.0,4.0,7.0
5,52.0,104.0,3.0,2.0,1.97
Tân Bình,60.0,180.0,4.0,3.0,9.5
Tân Bình,308.0,308.0,1.0,1.0,85.0
Bình Thạnh,143.0,200.0,4.0,1.0,11.6
4,42.6,95.0,2.0,2.0,3.1
Bình Thạnh,53.0,100.0,3.0,2.0,4.6
2,140.0,140.0,3.0,2.0,23.0
4,80.0,80.0,2.0,2.0,1.75
1,80.0,80.0,2.0,2.0,5.1
1,160.0,600.0,4.0,4.0,48.0
6,72.0,72.0,4.0,4.0,12.8
Thủ Đức (TP. Thủ Đức),132.0,132.0,6.0,3.0,6.9
12,84.0,330.0,4.0,5.0,7.1
Phú Nhuận,60.0,300.0,6.0,7.0,11.0
6,170.0,400.0,4.0,4.0,15.0
6,21.0,21.0,1.0,1.0,3.6
11,52.0,104.0,3.0,3.0,0.98
6,46.0,92.0,3.0,2.0,5.35
Bình Tân,100.0,100.0,5.0,3.0,16.0
6,66.0,66.0,5.0,6.0,14.5
Tân Phú,216.0,400.0,4.0,4.0,38.5
8,62.0,310.0,6.0,7.0,15.0
Phú Nhuận,60.0,120.0,3.0,3.0,7.45
Tân Bình,318.0,499.0,4.0,4.0,50.0
Tân Bình,63.0,189.0,6.0,7.0,14.9
Tân Phú,70.0,200.0,4.0,3.0,6.49
1,240.0,1200.0,5.0,5.0,85.0
Tân Bình,51.0,150.0,4.0,3.0,7.999
5,20.0,20.0,3.0,2.0,1.55
2,160.0,160.0,3.0,3.0,40.0
9,60.0,77.0,2.0,2.0,5.999
5,60.0,120.0,3.0,3.0,1.28
Gò Vấp,110.0,550.0,10.0,10.0,20.5
4,58.0,116.0,3.0,3.0,1.46
9,54.0,90.0,2.0,2.0,4.5
Bình Tân,56.0,56.0,4.0,3.0,7.2
2,142.0,142.0,3.0,2.0,23.0
1,40.0,200.0,6.0,6.0,15.0
Bình Tân,67.0,67.0,4.0,4.0,6.6
3,69.0,249.0,4.0,5.0,35.0
Thủ Đức (TP. Thủ Đức),183.0,1300.0,5.0,5.0,45.0
12,100.0,230.0,7.0,7.0,12.95
Tân Bình,132.0,264.0,2.0,1.0,43.0
9,75.0,157.0,4.0,3.0,11.0
3,399.0,407.0,2.0,4.0,75.0
7,90.0,250.0,4.0,5.0,13.5
Tân Phú,80.0,320.0,4.0,5.0,10.5
10,220.0,880.0,7.0,7.0,118.0
4,60.0,180.0,3.0,3.0,0.94
11,80.0,155.0,2.0,2.0,17.0
7,64.0,128.0,2.0,3.0,8.7
10,64.0,64.0,6.0,6.0,17.0
5,63.0,126.0,3.0,4.0,1.1
9,102.0,102.0,2.0,1.0,7.3
9,65.0,165.0,2.0,2.0,6.2
12,112.0,112.0,4.0,6.0,9.5
8,60.0,120.0,3.0,3.0,0.94
7,170.0,170.0,4.0,3.0,21.0
Thủ Đức (TP. Thủ Đức),150.0,150.0,2.0,1.0,6.0
Bình Thạnh,52.0,100.0,2.0,2.0,6.8
Tân Phú,47.0,80.0,3.0,2.0,7.999
11,60.0,119.0,3.0,2.0,0.925
Thủ Đức (TP. Thủ Đức),194.0,194.0,3.0,3.0,9.7
6,128.0,205.0,4.0,5.0,16.3
8,59.0,118.0,3.0,2.0,0.97
6,50.0,50.0,4.0,4.0,9.8
Gò Vấp,120.0,480.0,5.0,5.0,13.5
12,286.0,286.0,1.0,1.0,14.0
Phú Nhuận,114.0,700.0,7.0,8.0,35.5
Bình Tân,56.0,56.0,4.0,4.0,6.7
10,180.0,180.0,1.0,1.0,46.0
4,62.0,300.0,5.0,7.0,6.3
Gò Vấp,120.0,360.0,4.0,5.0,17.499
Tân Bình,310.0,1446.0,5.0,6.0,34.0
4,74.0,74.0,2.0,2.0,2.6
3,98.0,120.0,2.0,2.0,85.0
Tân Bình,60.0,120.0,2.0,2.0,6.8
8,184.0,320.0,4.0,2.0,0.028
8,100.0,200.0,3.0,2.0,14.0
5,63.0,480.0,6.0,7.0,34.0
Tân Phú,41.0,41.0,3.0,2.0,3.8
4,80.0,80.0,2.0,2.0,1.78
1,75.0,350.0,8.0,8.0,19.5
3,66.0,132.0,2.0,2.0,15.0
Tân Bình,475.0,475.0,8.0,8.0,100.0
8,140.0,140.0,4.0,3.0,0.73
Tân Bình,82.0,350.0,7.0,7.0,15.5
Bình Thạnh,24.0,70.0,3.0,3.0,4.75
9,560.0,1025.0,4.0,5.0,190.0
7,68.0,68.0,2.0,2.0,5.4
Phú Nhuận,154.0,154.0,2.0,2.0,65.0
Thủ Đức (TP. Thủ Đức),96.0,96.0,2.0,1.0,6.3
11,60.0,320.0,6.0,4.0,13.8
4,20.0,60.0,2.0,3.0,2.0
Bình Tân,200.0,400.0,5.0,5.0,26.8
Tân Phú,80.0,160.0,4.0,4.0,11.0
8,52.0,90.8,3.0,3.0,5.7
Tân Phú,41.5,41.5,4.0,3.0,6.5
12,94.0,94.0,4.0,4.0,4.7
2,120.0,120.0,3.0,2.0,11.0
6,443.0,443.0,1.0,1.0,65.0
6,81.0,81.0,4.0,3.0,15.0
7,95.0,95.0,4.0,4.0,7.9
9,61.6,125.0,4.0,3.0,4.5
9,149.5,280.0,4.0,3.0,22.0
Gò Vấp,49.6,148.7,4.0,4.0,5.99
1,75.0,300.0,4.0,3.0,80.0
8,60.0,118.0,3.0,3.0,0.81
12,20.0,33.0,2.0,2.0,1.55
Gò Vấp,58.0,172.0,4.0,5.0,8.0
1,30.0,102.0,4.0,3.0,13.5
8,60.0,120.0,3.0,2.0,1.09
5,46.4,46.4,3.0,3.0,2.75
11,59.0,59.0,4.0,4.0,2.1
5,53.5,51.0,2.0,2.0,15.0
4,80.0,80.0,2.0,2.0,6.5
12,56.0,56.0,3.0,3.0,5.2
9,52.0,123.0,3.0,3.0,5.2
2,102.0,102.0,3.0,2.0,2.74
Phú Nhuận,40.0,89.0,2.0,3.0,5.4
Tân Bình,68.0,340.0,5.0,5.0,22.5
4,80.0,80.0,2.0,2.0,6.9
7,125.0,200.0,7.0,7.0,11.9
6,95.0,220.0,3.0,3.0,12.8
Gò Vấp,45.0,150.0,4.0,4.0,5.65
9,130.0,130.0,2.0,2.0,7.5
9,152.0,152.0,2.0,1.0,5.999
Gò Vấp,240.0,456.0,5.0,6.0,55.0
Tân Phú,133.0,133.0,2.0,2.0,12.5
Tân Phú,79.0,158.0,3.0,3.0,6.5
9,80.0,80.0,5.0,6.0,4.7
1,32.0,32.0,1.0,2.0,1.99
9,86.0,123.0,4.0,2.0,9.0
Bình Tân,65.0,79.0,3.0,2.0,4.086
9,30.0,51.0,2.0,2.0,4.05
11,100.0,200.0,3.0,3.0,18.0
3,152.0,250.0,3.0,3.0,39.0
9,60.0,180.0,4.0,3.0,1.045
Tân Phú,66.0,300.0,6.0,5.0,10.499
7,50.0,100.0,2.0,3.0,6.4
8,40.0,120.0,3.0,3.0,5.9
4,60.0,60.0,2.0,2.0,3.9
12,110.0,340.0,8.0,9.0,17.0
Bình Tân,56.0,56.0,2.0,2.0,5.4
Bình Tân,48.0,90.0,2.0,2.0,3.89
12,60.0,60.0,3.0,3.0,4.99
Phú Nhuận,73.0,107.0,3.0,3.0,46.0
6,76.0,300.0,5.0,4.0,8.7
1,114.0,342.0,3.0,3.0,32.0
Tân Bình,105.0,143.0,5.0,5.0,45.0
5,45.0,45.0,3.0,4.0,9.0
9,73.0,73.0,3.0,3.0,7.0
11,62.0,124.0,3.0,2.0,0.935
6,72.0,210.0,4.0,4.0,12.7
Tân Bình,70.0,200.0,3.0,3.0,18.0
6,165.0,165.0,3.0,1.0,10.5
1,270.0,540.0,7.0,7.0,65.0
Tân Phú,56.0,200.0,4.0,4.0,11.5
Gò Vấp,57.1,206.0,5.0,6.0,7.9
9,48.0,96.0,2.0,2.0,0.88
6,80.0,220.0,4.0,3.0,25.0
8,48.0,96.0,2.0,2.0,0.75
2,134.5,300.0,4.0,5.0,34.0
Tân Bình,56.0,120.0,2.0,1.0,8.2
1,102.0,570.0,4.0,4.0,60.0
Phú Nhuận,225.0,425.0,5.0,5.0,45.0
Phú Nhuận,83.0,160.0,4.0,2.0,16.0
4,117.0,117.0,3.0,2.0,7.5
8,62.0,150.0,5.0,3.0,6.4
4,61.0,61.0,3.0,3.0,0.97
6,80.0,320.0,5.0,4.0,11.95
Tân Phú,72.0,200.0,4.0,4.0,9.0
5,51.0,51.0,2.0,2.0,17.9
Tân Phú,52.0,104.0,3.0,2.0,3.89
4,102.0,102.0,3.0,2.0,2.585
4,42.0,42.0,3.0,4.0,2.8
6,68.0,68.0,5.0,4.0,12.5
6,60.0,60.0,4.0,4.0,9.2
Phú Nhuận,60.0,300.0,5.0,6.0,12.85
4,105.0,105.0,3.0,2.0,6.0
4,58.0,116.0,3.0,3.0,1.46
1,120.0,480.0,4.0,4.0,120.0
8,33.0,33.0,2.0,2.0,1.39
6,92.5,308.0,5.0,6.0,8.8
10,72.0,320.0,7.0,8.0,20.0
6,62.0,62.0,6.0,5.0,12.5
Phú Nhuận,32.0,32.0,2.0,2.0,4.4
9,56.0,56.0,3.0,2.0,2.6
1,45.0,200.0,5.0,5.0,12.6
4,26.0,52.0,1.0,2.0,6.5
1,120.0,1000.0,8.0,8.0,75.0
11,36.0,72.0,2.0,2.0,6.8
6,115.0,400.0,5.0,4.0,13.0
10,30.0,100.0,2.0,3.0,7.0
5,50.0,200.0,5.0,3.0,22.5
1,250.0,500.0,2.0,2.0,119.999
4,92.0,92.0,2.0,2.0,4.5
9,130.0,130.0,3.0,3.0,7.15
1,217.0,207.0,5.0,5.0,350.0
9,70.0,70.0,3.0,3.0,5.5
4,61.0,122.0,3.0,2.0,1.38
3,91.0,700.0,7.0,7.0,85.0
2,112.0,112.0,3.0,2.0,13.0
Bình Thạnh,61.0,200.0,4.0,5.0,11.49
Phú Nhuận,18.0,35.0,2.0,2.0,2.9
Phú Nhuận,18.0,35.0,2.0,2.0,2.9
Phú Nhuận,130.0,390.0,3.0,3.0,32.0
Bình Tân,64.0,62.0,4.0,4.0,7.8
Thủ Đức (TP. Thủ Đức),72.0,204.0,4.0,3.0,8.8
1,412.0,803.0,4.0,4.0,180.0
6,73.0,250.0,4.0,4.0,22.0
5,65.0,65.0,3.0,3.0,2.25
5,88.0,88.0,8.0,8.0,19.5
6,96.0,380.0,6.0,6.0,14.3
6,80.0,80.0,5.0,6.0,13.0
10,103.0,103.0,3.0,2.0,8.2
Tân Bình,134.0,134.0,4.0,4.0,37.0
8,20.0,20.0,3.0,2.0,2.2
Tân Bình,88.0,380.0,6.0,6.0,18.8
12,104.0,104.0,4.0,6.0,9.99
Tân Bình,164.0,164.0,5.0,5.0,47.0
9,300.0,300.0,5.0,5.0,37.89
Bình Tân,108.0,108.0,2.0,2.0,10.5
Tân Bình,176.0,176.0,7.0,7.0,65.0
6,80.0,320.0,4.0,3.0,11.8
5,41.5,41.5,4.0,4.0,2.99
4,51.0,120.0,3.0,2.0,4.95
8,70.0,70.0,3.0,3.0,2.26
12,52.0,52.0,4.0,6.0,7.55
Thủ Đức (TP. Thủ Đức),51.0,100.0,1.0,1.0,3.6
Bình Tân,52.0,52.0,1.0,1.0,5.7
12,55.0,55.0,5.0,4.0,4.95
11,94.0,94.0,4.0,3.0,3.79
6,84.0,84.0,7.0,8.0,14.5
Tân Phú,128.0,128.0,8.0,8.0,9.68
4,77.0,77.0,2.0,2.0,4.1
7,72.0,72.0,3.0,2.0,5.48
5,60.0,120.0,3.0,3.0,1.25
11,62.5,62.5,2.0,2.0,6.9
Gò Vấp,135.0,135.0,1.0,1.0,21.499
10,80.0,80.0,6.0,8.0,19.5
5,70.5,70.5,3.0,3.0,3.1
Thủ Đức (TP. Thủ Đức),603.0,603.0,4.0,1.0,17.0
6,68.0,68.0,4.0,5.0,12.0
6,60.0,60.0,5.0,4.0,10.5
Bình Tân,184.0,228.0,4.0,5.0,25.5
10,263.0,263.0,3.0,3.0,42.0
6,80.0,280.0,5.0,5.0,14.5
Bình Thạnh,41.0,80.0,3.0,2.0,4.2
3,250.0,1747.0,10.0,10.0,180.0
Bình Tân,59.0,160.0,4.0,3.0,5.5
12,27.0,27.0,2.0,2.0,2.48
Bình Tân,60.0,60.0,4.0,4.0,9.7
4,108.0,215.0,5.0,3.0,12.0
Bình Tân,56.0,56.0,4.0,3.0,5.9
Phú Nhuận,63.0,200.0,5.0,5.0,11.8
9,53.0,106.0,3.0,3.0,0.87
Phú Nhuận,68.0,130.0,3.0,3.0,6.8
4,75.0,75.0,2.0,2.0,1.53
12,75.0,75.0,2.0,2.0,6.3
5,25.0,50.0,2.0,2.0,4.5
10,55.0,400.0,6.0,6.0,46.0
10,72.0,72.0,4.0,4.0,37.0
4,65.0,65.0,2.0,1.0,3.7
Gò Vấp,120.0,165.0,4.0,2.0,13.2
8,100.0,100.0,3.0,4.0,2.4
9,70.0,70.0,3.0,3.0,6.99
Tân Bình,38.0,120.0,4.0,3.0,6.2
Tân Phú,36.0,76.0,2.0,2.0,4.6
2,100.0,100.0,2.0,2.0,15.0
Thủ Đức (TP. Thủ Đức),114.0,114.0,4.0,2.0,8.2
Tân Phú,95.0,350.0,7.0,5.0,16.399
5,81.0,324.0,3.0,4.0,31.0
7,88.0,250.0,4.0,5.0,8.6
Bình Tân,190.0,350.0,4.0,4.0,24.0
2,249.6,500.0,5.0,5.0,75.0
Tân Bình,55.0,162.0,3.0,3.0,10.9
8,60.0,120.0,3.0,2.0,1.03
Phú Nhuận,323.0,323.0,1.0,1.0,120.0
Tân Phú,60.0,300.0,6.0,5.0,9.6
4,52.0,156.0,4.0,3.0,0.895
Bình Thạnh,74.0,74.0,2.0,3.0,36.0
9,70.0,70.0,3.0,3.0,5.5
7,88.0,300.0,6.0,7.0,15.5
4,80.0,80.0,2.0,2.0,5.0
9,83.0,83.0,4.0,3.0,4.2
9,56.0,131.0,4.0,4.0,5.8
10,30.0,96.0,3.0,4.0,10.5
11,60.0,120.0,3.0,3.0,1.15
1,60.0,60.0,3.0,4.0,18.5
Thủ Đức (TP. Thủ Đức),76.0,123.0,1.0,1.0,13.5
Tân Phú,75.0,375.0,6.0,6.0,12.3
9,64.0,64.0,3.0,1.0,11.0
11,80.0,160.0,2.0,2.0,13.0
Phú Nhuận,60.0,120.0,3.0,2.0,0.299
6,64.0,150.0,4.0,3.0,9.8
9,450.0,428.0,1.0,1.0,3.15
2,120.0,400.0,7.0,8.0,15.2
6,80.0,80.0,4.0,4.0,13.9
6,70.0,130.0,2.0,2.0,9.1
4,60.0,59.0,4.0,2.0,0.98
9,50.8,144.4,4.0,4.0,5.27
4,60.0,118.0,3.0,3.0,0.87
2,104.7,314.0,4.0,5.0,30.0
2,81.0,81.0,2.0,1.0,14.0
Bình Tân,80.0,220.0,4.0,4.0,10.0
1,233.0,380.0,4.0,4.0,125.0
1,169.0,86.0,2.0,2.0,55.0
6,50.0,49.0,5.0,5.0,6.35
9,69.0,64.0,3.0,3.0,5.4
9,84.0,84.0,2.0,1.0,3.99
Bình Tân,63.0,110.0,5.0,3.0,4.7
1,108.0,108.0,3.0,2.0,1.965
6,88.0,350.0,5.0,5.0,12.9
Bình Tân,72.0,280.0,5.0,5.0,5.6
11,70.0,70.0,3.0,3.0,10.5
6,88.0,88.0,2.0,2.0,10.5
Tân Phú,36.0,99.0,3.0,3.0,4.87
Bình Tân,76.0,76.0,3.0,2.0,6.4
Tân Bình,56.0,200.0,4.0,4.0,14.8
1,53.0,53.0,1.0,1.0,6.02
4,92.0,92.0,2.0,2.0,3.4
4,71.0,71.0,2.0,2.0,1.72
1,36.0,140.0,4.0,4.0,8.2
Tân Bình,230.0,230.0,5.0,5.0,32.0
1,300.0,600.0,2.0,1.0,85.0
8,56.0,56.0,2.0,2.0,1.79
5,60.0,60.0,4.0,4.0,12.8
Phú Nhuận,33.0,104.0,4.0,5.0,14.5
12,69.0,69.0,4.0,6.0,7.35
5,160.0,300.0,5.0,6.0,80.0
Tân Phú,36.0,144.0,3.0,3.0,4.0
2,127.0,127.0,3.0,2.0,20.5
11,55.0,180.0,4.0,3.0,6.5
Tân Phú,101.0,300.0,4.0,4.0,11.9
9,75.0,157.0,3.0,3.0,11.2
Bình Tân,60.0,60.0,5.0,5.0,7.0
9,99.0,170.0,3.0,2.0,22.5
Thủ Đức (TP. Thủ Đức),196.0,196.0,2.0,2.0,17.8
12,48.0,48.0,3.0,2.0,3.98
11,96.0,280.0,4.0,5.0,15.3
8,27.0,27.0,2.0,2.0,4.0
Gò Vấp,295.0,500.0,8.0,7.0,59.5
6,28.0,56.0,1.0,1.0,3.05
Thủ Đức (TP. Thủ Đức),64.0,66.0,5.0,5.0,3.8
4,63.5,63.5,2.0,2.0,2.55
5,59.0,118.0,3.0,3.0,0.99
9,56.0,57.0,2.0,1.0,5.5
Bình Thạnh,139.2,285.7,4.0,4.0,28.0
9,184.0,184.0,10.0,10.0,6.55
4,45.0,150.0,3.0,3.0,5.3
1,63.0,226.0,3.0,3.0,35.0
6,148.0,580.0,10.0,8.0,19.0
6,80.0,80.0,4.0,4.0,12.5
7,66.0,66.0,4.0,4.0,6.8
1,252.0,756.0,3.0,3.0,60.0
8,114.0,300.0,4.0,4.0,5.6
9,52.8,123.0,3.0,3.0,4.5
7,80.0,205.0,4.0,5.0,13.2
9,60.0,60.0,4.0,5.0,6.2
Phú Nhuận,60.0,300.0,6.0,7.0,13.9
8,58.0,116.0,3.0,3.0,1.87
2,156.5,400.0,4.0,4.0,36.0
8,65.0,130.0,3.0,3.0,0.98
5,55.0,55.0,3.0,2.0,5.89
Tân Phú,55.0,20.0,4.0,4.0,7.0
Phú Nhuận,60.0,250.0,6.0,7.0,11.0
9,70.0,175.0,4.0,4.0,7.2
5,57.0,57.0,3.0,3.0,2.2
10,35.0,72.0,2.0,2.0,7.3
Phú Nhuận,60.0,120.0,3.0,2.0,3.15
10,109.0,653.0,5.0,6.0,52.0
11,40.0,179.0,6.0,7.0,8.3
1,43.0,200.0,4.0,5.0,13.0
9,64.0,192.0,3.0,3.0,0.96
Bình Tân,126.0,310.0,6.0,7.0,32.0
Tân Phú,18.0,50.0,2.0,2.0,2.5
Tân Phú,72.0,300.0,4.0,4.0,11.9
2,290.0,290.0,4.0,4.0,42.0
1,35.0,130.0,4.0,5.0,13.9
7,111.0,790.0,6.0,6.0,23.5
7,233.4,233.4,6.0,6.0,40.0
8,55.0,130.0,3.0,4.0,5.8
4,46.2,46.2,2.0,3.0,2.25
4,12.0,26.0,1.0,1.0,1.79
8,62.0,122.0,3.0,3.0,1.14
Tân Phú,48.0,139.0,4.0,4.0,6.789
11,64.0,300.0,6.0,6.0,12.0
11,38.0,120.0,4.0,3.0,8.8
3,120.0,960.0,7.0,8.0,45.0
6,80.0,80.0,2.0,2.0,10.3
12,80.0,80.0,4.0,4.0,11.5
Phú Nhuận,62.0,240.0,4.0,4.0,11.3
8,56.0,112.0,2.0,2.0,0.94
Tân Phú,72.0,72.0,4.0,3.0,14.2
9,70.0,158.0,5.0,4.0,6.7
11,31.0,120.0,4.0,3.0,5.8
Tân Bình,234.0,232.0,7.0,6.0,68.0
9,61.0,122.0,2.0,2.0,0.91
Tân Bình,55.0,130.0,4.0,3.0,7.9
3,568.0,568.0,6.0,6.0,165.0
12,52.0,52.0,4.0,6.0,7.68
7,100.0,300.0,4.0,5.0,25.0
Phú Nhuận,58.0,68.0,9.0,9.0,14.8
11,45.0,45.0,6.0,5.0,9.0
5,33.0,80.0,2.0,1.0,8.5
1,54.0,216.0,4.0,3.0,35.0
9,75.0,157.5,3.0,3.0,7.7
4,60.0,180.0,4.0,3.0,0.899
12,42.0,42.0,3.0,3.0,4.19
1,47.5,166.0,2.0,2.0,38.0
9,115.0,250.0,3.0,4.0,13.5
2,100.0,100.0,2.0,2.0,10.0
8,37.0,70.0,2.0,2.0,3.35
Tân Phú,90.0,400.0,6.0,6.0,9.9
7,30.0,30.0,4.0,3.0,7.3
11,46.0,97.0,3.0,2.0,5.299
11,270.0,270.0,5.0,5.0,29.19
Bình Tân,48.0,90.0,2.0,2.0,3.55
9,140.0,140.0,2.0,2.0,7.0
4,50.0,50.0,3.0,3.0,1.266
1,139.0,139.0,2.0,2.0,43.0
12,90.0,340.0,3.0,4.0,6.5
Bình Tân,140.0,420.0,4.0,4.0,11.5
9,57.0,114.0,3.0,3.0,0.82
10,38.0,120.0,3.0,2.0,10.8
Phú Nhuận,60.0,120.0,3.0,2.0,3.79
4,84.0,84.0,2.0,2.0,1.46
10,373.0,1000.0,10.0,10.0,75.0
9,102.0,120.0,5.0,3.0,13.5
Phú Nhuận,225.0,1300.0,7.0,7.0,265.0
Tân Phú,60.0,210.0,5.0,4.0,10.5
2,149.4,323.0,4.0,5.0,40.0
8,52.6,52.6,3.0,3.0,1.9
11,39.0,145.0,5.0,5.0,4.78
7,80.0,200.0,4.0,4.0,8.7
12,51.8,51.8,4.0,3.0,2.15
9,90.0,90.0,4.0,4.0,6.8
Tân Bình,350.0,1000.0,8.0,9.0,66.0
Gò Vấp,80.0,80.0,4.0,5.0,9.5
4,196.0,196.0,3.0,2.0,20.972
9,88.0,240.0,3.0,4.0,14.5
Thủ Đức (TP. Thủ Đức),63.0,63.0,3.0,2.0,5.5
Bình Tân,80.0,80.0,4.0,4.0,8.25
Thủ Đức (TP. Thủ Đức),158.0,187.0,1.0,1.0,28.5
2,143.0,143.0,1.0,1.0,29.0
6,80.0,80.0,5.0,4.0,14.9
Tân Phú,64.0,64.0,1.0,1.0,10.0
4,80.0,80.0,2.0,2.0,3.8
11,70.0,280.0,4.0,5.0,10.7
Gò Vấp,64.0,64.0,4.0,6.0,9.5
1,160.0,1120.0,7.0,7.0,140.0
10,35.0,85.0,2.0,3.0,4.6
Tân Bình,42.0,200.0,4.0,4.0,11.8
2,90.0,200.0,4.0,4.0,16.5
1,74.0,333.0,7.0,7.0,38.0
Phú Nhuận,50.0,50.0,4.0,4.0,7.0
12,96.0,96.0,3.0,3.0,5.9
2,127.0,127.0,3.0,2.0,16.0
5,76.0,208.8,5.0,5.0,18.5
3,281.0,321.0,1.0,1.0,100.0
1,400.0,400.0,1.0,1.0,85.0
Tân Phú,48.0,160.0,4.0,5.0,6.3
2,53.0,140.0,4.0,4.0,6.5
Thủ Đức (TP. Thủ Đức),76.0,89.0,4.0,4.0,5.7
5,90.0,90.0,5.0,5.0,3.55
12,68.0,68.0,4.0,5.0,7.9
7,67.0,67.0,4.0,4.0,7.4
9,487.0,425.0,5.0,5.0,78.0
8,52.0,104.0,3.0,2.0,0.95
9,80.0,80.0,5.0,4.0,6.08
8,95.0,95.0,3.0,3.0,2.4
9,62.0,122.0,3.0,3.0,1.38
6,64.0,64.0,10.0,6.0,17.0
8,27.0,54.0,2.0,2.0,3.4
Thủ Đức (TP. Thủ Đức),90.0,225.0,3.0,3.0,6.9
12,80.0,80.0,4.0,5.0,4.3
9,88.0,150.0,3.0,3.0,8.6
9,100.0,220.0,5.0,4.0,11.0
5,56.0,56.0,3.0,3.0,3.8
8,56.0,160.0,4.0,3.0,0.962
12,55.0,55.0,4.0,3.0,5.59
4,62.0,62.0,3.0,4.0,2.59
10,102.0,102.0,2.0,2.0,3.7
11,28.0,28.0,4.0,4.0,5.23
4,64.0,64.0,3.0,3.0,0.98
9,132.0,132.0,2.0,2.0,3.7
Tân Bình,132.8,850.0,7.0,7.0,51.999
1,39.0,78.0,2.0,2.0,3.29
8,84.0,84.0,4.0,4.0,9.3
Tân Phú,130.0,398.0,2.0,2.0,9.999
Thủ Đức (TP. Thủ Đức),70.0,120.0,2.0,2.0,2.4
Thủ Đức (TP. Thủ Đức),125.0,125.0,2.0,1.0,9.8
1,200.0,1231.0,6.0,6.0,240.0
7,80.0,320.0,4.0,5.0,17.5
9,40.0,80.0,4.0,2.0,3.8
Bình Tân,60.0,60.0,3.0,2.0,5.8
8,100.0,400.0,4.0,3.0,9.7
10,160.0,1500.0,10.0,10.0,108.0
6,92.5,92.5,4.0,4.0,13.0
Tân Phú,85.0,160.0,2.0,2.0,7.89
9,67.0,52.0,2.0,2.0,4.2
8,12.0,12.5,2.0,2.0,1.73
9,50.0,99.0,3.0,3.0,4.9
Thủ Đức (TP. Thủ Đức),30.0,40.0,2.0,2.0,3.2
11,60.0,370.0,8.0,8.0,22.5
4,59.0,59.0,2.0,1.0,2.8
4,41.0,165.0,6.0,7.0,15.0
6,44.0,196.0,4.0,5.0,12.5
9,60.0,120.0,3.0,3.0,0.98
9,51.1,115.0,4.0,3.0,4.7
2,90.0,90.0,2.0,2.0,11.7
4,117.0,117.0,3.0,2.0,6.0
7,48.0,48.0,6.0,7.0,9.6
8,88.0,320.0,4.0,4.0,9.2
4,56.0,104.0,3.0,3.0,1.22
Thủ Đức (TP. Thủ Đức),108.0,360.0,4.0,5.0,6.8
6,64.0,130.0,2.0,2.0,9.6
9,117.0,235.0,9.0,9.0,7.65
6,76.0,175.0,4.0,3.0,12.0
Bình Thạnh,58.0,70.0,2.0,2.0,6.8
Bình Thạnh,43.0,120.0,3.0,3.0,6.35
7,63.9,120.0,2.0,2.0,5.6
7,91.2,180.0,4.0,2.0,15.0
7,102.0,102.0,3.0,2.0,8.8
Tân Phú,118.0,220.0,2.0,2.0,12.799
12,100.0,100.0,3.0,2.0,6.45
Tân Phú,77.0,140.0,3.0,4.0,7.5
8,20.5,41.0,2.0,2.0,2.4
Thủ Đức (TP. Thủ Đức),193.0,193.0,3.0,2.0,8.9
11,60.0,120.0,3.0,3.0,1.12
8,43.0,43.0,2.0,2.0,5.15
8,68.0,68.0,2.0,3.0,6.0
7,88.0,400.0,6.0,6.0,15.5
9,50.6,77.3,2.0,2.0,3.1
9,203.0,270.0,1.0,1.0,16.4
1,144.0,925.0,8.0,7.0,135.0
8,65.0,240.0,4.0,4.0,8.5
6,56.0,56.0,4.0,4.0,6.3
5,82.0,240.0,6.0,4.0,25.0
Bình Thạnh,226.0,500.0,5.0,2.0,11.0
Tân Bình,120.0,720.0,5.0,5.0,36.0
8,68.0,118.0,3.0,3.0,2.05
Bình Tân,72.0,72.0,2.0,1.0,5.3
Bình Thạnh,624.0,624.0,8.0,8.0,140.0
Bình Thạnh,48.0,82.0,2.0,2.0,5.95
10,45.0,220.0,8.0,5.0,13.5
Tân Bình,80.0,160.0,3.0,2.0,8.0
Tân Phú,52.0,104.0,3.0,2.0,3.55
9,54.0,77.0,1.0,1.0,6.2
6,68.0,68.0,8.0,9.0,14.0
Bình Tân,19.0,39.0,2.0,3.0,2.899
6,84.6,235.0,10.0,10.0,18.5
4,62.0,62.0,2.0,2.0,3.7
Tân Phú,73.0,73.0,1.0,1.0,6.3
8,66.0,132.0,3.0,2.0,1.09
Gò Vấp,266.0,600.0,4.0,4.0,22.499
9,70.0,70.0,4.0,4.0,15.99
Thủ Đức (TP. Thủ Đức),88.0,170.0,3.0,3.0,6.2
Bình Tân,48.0,94.0,3.0,2.0,7.3
9,100.0,150.0,1.0,1.0,14.0
10,150.0,350.0,6.0,7.0,43.0
1,80.0,250.0,5.0,5.0,25.0
6,144.0,770.0,8.0,10.0,20.0
4,77.0,77.0,2.0,2.0,4.1
Tân Phú,38.0,76.0,2.0,2.0,1.9
Gò Vấp,111.0,145.0,4.0,1.0,8.989
5,21.0,80.0,3.0,3.0,4.7
1,350.0,720.0,2.0,2.0,105.0
9,149.5,230.8,4.0,3.0,22.0
8,48.0,140.0,4.0,4.0,3.27
Phú Nhuận,46.0,175.0,5.0,4.0,7.58
1,253.0,550.0,5.0,5.0,290.0
10,510.0,1300.0,4.0,4.0,290.0
6,24.0,48.0,1.0,2.0,3.0
2,69.0,183.0,4.0,5.0,8.0
3,224.8,674.4,2.0,3.0,35.0
Phú Nhuận,55.0,200.0,5.0,5.0,13.3
5,61.0,122.0,3.0,3.0,0.91
3,115.0,577.0,7.0,7.0,34.0
Gò Vấp,140.0,140.0,8.0,9.0,17.5
9,200.0,200.0,3.0,2.0,8.99
Tân Phú,69.0,200.0,3.0,3.0,7.89
6,40.0,120.0,4.0,3.0,5.0
Bình Thạnh,43.0,150.0,4.0,3.0,9.0
8,88.0,66.0,8.0,6.0,8.8
Bình Thạnh,53.0,100.0,3.0,2.0,4.6
9,53.0,53.0,3.0,3.0,2.5
5,45.0,45.0,3.0,3.0,9.0
8,63.0,126.0,3.0,3.0,0.84
Gò Vấp,78.0,185.0,3.0,5.0,12.0
10,120.0,600.0,5.0,5.0,24.5
Bình Thạnh,353.0,1038.5,9.0,10.0,200.0
11,59.0,118.0,2.0,2.0,0.82
5,32.0,64.0,3.0,2.0,2.95
9,136.0,140.0,2.0,1.0,9.0
1,216.0,220.0,1.0,1.0,134.0
12,100.0,100.0,10.0,10.0,6.0
4,57.0,57.0,1.0,1.0,3.8
Tân Bình,55.0,180.0,4.0,3.0,7.5
Tân Bình,166.0,166.0,6.0,6.0,13.49
Phú Nhuận,146.0,146.0,2.0,1.0,13.99
5,45.0,45.0,2.0,2.0,34.0
10,117.0,317.0,5.0,5.0,50.0
2,56.0,165.0,5.0,6.0,5.8
11,46.0,92.0,3.0,2.0,5.3
Tân Bình,33.0,43.0,2.0,1.0,3.678
11,103.0,450.0,8.0,3.0,28.0
Tân Bình,95.0,95.0,5.0,3.0,27.0
12,72.0,72.0,4.0,5.0,8.6
1,82.0,82.0,6.0,6.0,38.0
9,72.0,72.0,2.0,2.0,7.5
3,198.0,1000.0,7.0,7.0,109.999
12,64.0,64.0,2.0,3.0,5.5
3,68.0,272.0,4.0,4.0,37.0
8,60.0,120.0,3.0,3.0,0.965
3,134.4,134.0,1.0,2.0,39.0
Bình Thạnh,183.0,385.0,5.0,5.0,32.0
8,156.0,156.0,3.0,1.0,9.7
6,68.0,68.0,1.0,1.0,9.0
Tân Bình,85.0,350.0,5.0,4.0,15.5
8,80.0,160.0,2.0,2.0,11.9
Bình Thạnh,55.0,200.0,5.0,4.0,16.0
11,52.0,150.0,4.0,3.0,9.2
6,64.0,64.0,4.0,4.0,10.5
7,140.0,320.0,4.0,5.0,15.9
Bình Tân,85.0,240.0,3.0,4.0,6.9
1,139.0,139.0,2.0,2.0,43.0
11,41.0,41.0,3.0,3.0,6.8
6,85.0,85.0,1.0,1.0,10.8
Tân Bình,64.0,180.0,4.0,3.0,10.5
4,85.0,85.0,2.0,2.0,5.5
3,104.0,726.4,6.0,7.0,45.0
12,207.0,207.0,1.0,1.0,20.0
5,73.0,400.0,6.0,4.0,16.0
12,74.0,74.0,4.0,6.0,7.45
5,25.0,25.0,4.0,4.0,7.2
6,104.0,600.0,7.0,6.0,15.3
5,54.0,162.0,4.0,3.0,0.988
2,105.0,105.0,3.0,2.0,2.46
9,60.0,60.0,3.0,4.0,1.98
Gò Vấp,70.0,280.0,3.0,3.0,8.3
9,68.0,136.0,3.0,3.0,1.05
12,73.0,73.0,4.0,6.0,7.3
9,65.0,130.0,3.0,3.0,1.25
6,85.0,433.0,8.0,10.0,15.0
6,47.0,90.0,2.0,2.0,6.5
9,58.0,116.0,3.0,3.0,0.98
Thủ Đức (TP. Thủ Đức),95.0,95.0,1.0,1.0,9.5
3,340.0,700.0,5.0,5.0,109.0
Tân Phú,100.0,300.0,4.0,4.0,10.6
5,40.14,78.3,5.0,4.0,19.0
12,476.0,476.0,1.0,1.0,26.5
6,72.0,260.0,4.0,5.0,10.5
11,55.0,105.0,3.0,2.0,7.9
2,127.5,272.7,5.0,5.0,21.5
2,80.0,240.0,5.0,5.0,29.0
8,60.0,120.0,2.0,2.0,0.89
Gò Vấp,233.0,208.0,4.0,4.0,22.5
12,300.0,500.0,3.0,3.0,26.0
4,58.0,58.0,3.0,2.0,0.93
8,102.0,408.0,6.0,7.0,7.5
9,56.0,138.0,4.0,4.0,5.59
9,95.0,95.0,3.0,1.0,9.79
6,72.0,72.0,6.0,5.0,15.0
Bình Tân,24.9,52.6,2.0,2.0,2.7
Thủ Đức (TP. Thủ Đức),85.0,340.0,5.0,4.0,6.97
6,57.0,113.4,2.0,2.0,8.5
Tân Bình,270.0,1400.0,6.0,5.0,80.0
Thủ Đức (TP. Thủ Đức),40.0,80.0,3.0,2.0,2.19
8,59.0,177.0,4.0,3.0,1.064
10,65.0,300.0,6.0,6.0,19.8
Tân Bình,80.0,249.0,5.0,5.0,8.9
12,85.0,85.0,4.0,6.0,7.65
7,99.0,99.0,3.0,3.0,8.8
5,140.0,890.0,10.0,10.0,0.24
Bình Tân,80.0,240.0,4.0,5.0,10.6
Thủ Đức (TP. Thủ Đức),53.0,73.0,2.0,2.0,5.15
8,320.0,600.0,4.0,3.0,26.5
Tân Bình,150.0,450.0,3.0,3.0,50.0
7,90.0,360.0,3.0,4.0,18.6
11,48.0,96.0,2.0,2.0,0.79
7,120.0,200.0,4.0,3.0,10.2
Phú Nhuận,60.0,165.0,3.0,3.0,23.0
Bình Tân,32.0,49.0,2.0,2.0,3.553
Thủ Đức (TP. Thủ Đức),168.0,168.0,3.0,2.0,8.5
Gò Vấp,94.5,149.0,2.0,2.0,30.0
11,54.0,54.0,2.0,3.0,2.65
2,550.0,550.0,7.0,6.0,450.0
11,60.0,120.0,3.0,3.0,1.15
12,60.0,60.0,3.0,2.0,3.45
4,64.0,128.0,3.0,2.0,0.93
12,56.0,112.0,3.0,3.0,4.399
7,88.0,160.0,2.0,2.0,16.5
11,66.0,400.0,4.0,4.0,11.5
Phú Nhuận,138.0,552.0,4.0,4.0,38.0
11,100.0,200.0,5.0,6.0,15.4
4,80.0,360.0,4.0,4.0,28.0
9,130.0,130.0,5.0,4.0,8.3
1,55.0,385.0,5.0,6.0,35.0
Tân Phú,100.0,318.0,8.0,9.0,21.499
8,64.0,264.0,6.0,6.0,17.0
Phú Nhuận,160.0,480.0,3.0,3.0,68.0
6,76.0,140.0,2.0,2.0,8.9
1,144.0,864.0,6.0,6.0,51.0
10,306.0,306.0,3.0,2.0,30.0
4,80.0,80.0,2.0,2.0,5.0
9,88.0,88.0,2.0,2.0,7.9
Bình Thạnh,618.0,618.0,1.0,1.0,80.0
Tân Bình,83.3,249.9,3.0,4.0,15.0
2,105.0,105.0,3.0,2.0,2.46
10,40.0,120.0,3.0,2.0,7.8
6,80.0,200.0,6.0,3.0,11.0
Gò Vấp,108.0,250.0,5.0,5.0,8.3
1,80.0,246.0,5.0,5.0,36.0
11,40.0,50.0,4.0,3.0,5.6
9,85.0,130.0,3.0,2.0,4.5
Bình Tân,95.0,240.0,4.0,5.0,13.0
6,200.0,450.0,4.0,3.0,26.0
4,84.0,180.0,3.0,3.0,7.7
1,92.0,92.0,9.0,9.0,120.0
Phú Nhuận,60.0,300.0,5.0,5.0,22.0
4,60.0,120.0,3.0,2.0,2.5
12,103.0,103.0,2.0,1.0,5.1
Bình Tân,56.0,56.0,4.0,4.0,8.5
Tân Phú,80.0,110.0,2.0,2.0,12.8
3,289.0,1500.0,8.0,8.0,105.0
6,62.0,62.0,6.0,6.0,15.0
12,56.0,56.0,4.0,6.0,6.5
5,45.0,45.0,2.0,2.0,7.299
6,98.0,180.0,3.0,2.0,10.5
12,80.0,80.0,4.0,5.0,4.1
Phú Nhuận,21.0,77.0,3.0,3.0,4.95
Thủ Đức (TP. Thủ Đức),74.0,74.0,1.0,1.0,4.3
8,105.0,300.0,3.0,3.0,7.8
12,48.0,48.0,2.0,2.0,2.85
5,50.0,100.0,2.0,2.0,9.8
Tân Phú,60.0,180.0,3.0,2.0,8.2
8,60.0,120.0,3.0,2.0,0.94
1,48.0,136.4,4.0,3.0,11.9
9,100.0,174.0,4.0,4.0,9.8
Phú Nhuận,66.0,264.0,4.0,4.0,26.0
Tân Phú,276.0,276.0,10.0,10.0,23.8
Thủ Đức (TP. Thủ Đức),70.0,70.0,2.0,2.0,4.99
11,56.0,260.0,8.0,3.0,16.5
8,190.0,300.0,4.0,4.0,18.0
2,105.0,105.0,2.0,2.0,3.2
6,136.0,450.0,5.0,6.0,30.0
4,57.0,100.0,2.0,3.0,5.0
11,50.0,100.0,3.0,3.0,1.34
8,60.0,160.0,4.0,4.0,5.85
Tân Bình,1000.0,1346.0,3.0,3.0,100.0
9,60.0,120.0,3.0,3.0,1.15
6,100.0,600.0,5.0,6.0,30.0
6,80.0,80.0,2.0,2.0,10.3
7,60.0,120.0,3.0,3.0,5.2
5,68.0,136.0,2.0,2.0,1.24
Thủ Đức (TP. Thủ Đức),20.0,31.0,2.0,1.0,1.8
Tân Phú,127.0,381.0,3.0,3.0,19.5
